时间戳,success,text,filename,message
2025-11-20 14:47:10,True,<|en|>hi g v,temp_vad_recording_1763621230.wav,识别成功
2025-11-20 14:47:20,True,<|en|>hi juvi,temp_vad_recording_1763621240.wav,识别成功
2025-11-20 14:47:25,True,<|yue|>系朱 v,temp_vad_recording_1763621245.wav,识别成功
2025-11-20 14:47:29,True,<|yue|>系 a g v,temp_vad_recording_1763621248.wav,识别成功
2025-11-20 14:47:34,True,<|en|>hi g v,temp_vad_recording_1763621254.wav,识别成功
2025-11-20 14:47:40,True,<|yue|>系 g v,temp_vad_recording_1763621260.wav,识别成功
2025-11-20 14:47:50,True,<|yue|>系 a g v,temp_vad_recording_1763621270.wav,识别成功
2025-11-20 14:48:05,True,<|yue|>hi a g v,temp_vad_recording_1763621285.wav,识别成功
2025-11-20 14:48:08,True,<|yue|>hi朱意,temp_vad_recording_1763621287.wav,识别成功
2025-11-20 14:48:10,True,<|yue|>hi g v,temp_vad_recording_1763621290.wav,识别成功
2025-11-20 14:48:16,True,<|en|>hi julie,temp_vad_recording_1763621296.wav,识别成功
2025-11-20 14:48:19,True,<|en|>hi g v,temp_vad_recording_1763621299.wav,识别成功
2025-11-20 14:48:22,True,<|en|>hi juvi,temp_vad_recording_1763621302.wav,识别成功
2025-11-20 14:48:25,True,hi ju,temp_vad_recording_1763621305.wav,识别成功
2025-11-20 14:48:29,True,<|en|>hi ki we,temp_vad_recording_1763621309.wav,识别成功
2025-11-20 14:48:32,True,<|yue|>hi朱,temp_vad_recording_1763621312.wav,识别成功
2025-11-20 14:48:35,True,<|en|>hi ju,temp_vad_recording_1763621315.wav,识别成功
2025-11-20 14:48:38,True,hi a g v,temp_vad_recording_1763621317.wav,识别成功
2025-11-20 14:48:42,True,<|en|>hi ju v,temp_vad_recording_1763621321.wav,识别成功
2025-11-20 14:48:53,True,<|yue|>系 a g v,temp_vad_recording_1763621332.wav,识别成功
2025-11-20 14:49:06,True,<|en|>hi ju,temp_vad_recording_1763621346.wav,识别成功
2025-11-20 14:49:18,True,<|en|>hi ju,temp_vad_recording_1763621358.wav,识别成功
2025-11-20 14:49:41,True,<|en|>hi ju,temp_vad_recording_1763621381.wav,识别成功
2025-11-20 14:49:44,True,派 a军,temp_vad_recording_1763621384.wav,识别成功
2025-11-20 14:49:47,True,<|yue|>系 a g v,temp_vad_recording_1763621387.wav,识别成功
2025-11-20 14:49:51,True,<|yue|>系 g v,temp_vad_recording_1763621390.wav,识别成功
2025-11-20 14:49:54,True,拍 a g v,temp_vad_recording_1763621394.wav,识别成功
2025-11-20 14:49:58,True,hi g v,temp_vad_recording_1763621397.wav,识别成功
2025-11-20 14:50:15,True,<|en|>hi ju,temp_vad_recording_1763621414.wav,识别成功
2025-11-20 14:50:18,True,<|yue|>系 a g,temp_vad_recording_1763621418.wav,识别成功
2025-11-20 14:50:22,True,<|yue|>拍 a g v,temp_vad_recording_1763621422.wav,识别成功
2025-11-20 14:50:25,True,<|yue|>睇 g v,temp_vad_recording_1763621425.wav,识别成功
2025-11-20 14:50:29,True,<|en|>拍 a g v,temp_vad_recording_1763621429.wav,识别成功
2025-11-20 14:50:40,True,<|yue|>系 a g v,temp_vad_recording_1763621440.wav,识别成功
2025-11-20 14:50:44,True,<|en|>hi julie,temp_vad_recording_1763621444.wav,识别成功
2025-11-20 14:50:48,True,<|en|>hi ju,temp_vad_recording_1763621448.wav,识别成功

2025-11-20 15:17:09,True,<|en|>hi a g a,temp_vad_recording_1763623029.wav,识别成功
2025-11-20 15:17:11,True,<|en|>hi a g a,temp_vad_recording_1763623031.wav,识别成功
2025-11-20 15:17:14,True,<|en|>hi a g,temp_vad_recording_1763623033.wav,识别成功

2025-11-20 15:17:22,True,太 a g v,temp_vad_recording_1763623042.wav,识别成功
2025-11-20 15:17:23,True,<|en|>hi ajo,temp_vad_recording_1763623043.wav,识别成功
2025-11-20 15:17:25,True,<|en|>hi a g a,temp_vad_recording_1763623045.wav,识别成功
2025-11-20 15:17:27,True,<|en|>hi ag,temp_vad_recording_1763623047.wav,识别成功
2025-11-20 15:17:29,True,<|en|>hi he two e,temp_vad_recording_1763623049.wav,识别成功
2025-11-20 15:17:30,True,<|en|>hi,temp_vad_recording_1763623050.wav,识别成功

2025-11-20 15:17:32,True,<|en|>hi a g,temp_vad_recording_1763623052.wav,识别成功
2025-11-20 15:17:34,True,<|en|>hi a g v,temp_vad_recording_1763623054.wav,识别成功
2025-11-20 15:17:35,True,hiい,temp_vad_recording_1763623055.wav,识别成功





2025-11-20 15:17:46,True,<|en|>heju,temp_vad_recording_1763623066.wav,识别成功


2025-11-20 15:19:39,True,<|en|>heju,temp_vad_recording_1763623178.wav,识别成功
2025-11-20 15:19:41,True,<|en|>hi a g v,temp_vad_recording_1763623180.wav,识别成功


2025-11-20 15:19:45,True,<|en|>hi a g e,temp_vad_recording_1763623184.wav,识别成功
2025-11-20 15:19:47,True,<|en|>hey hey ju,temp_vad_recording_1763623186.wav,识别成功

2025-11-20 15:19:50,True,<|en|>hi,temp_vad_recording_1763623189.wav,识别成功
2025-11-20 15:19:50,True,<|en|>hejo,temp_vad_recording_1763623190.wav,识别成功

2025-11-20 15:19:52,True,<|en|>he drew it,temp_vad_recording_1763623192.wav,识别成功
2025-11-20 15:19:55,True,<|en|>hi a jui,temp_vad_recording_1763623195.wav,识别成功
2025-11-20 15:19:58,True,<|en|>hi a j,temp_vad_recording_1763623198.wav,识别成功
2025-11-20 15:20:00,True,<|en|>hi aju,temp_vad_recording_1763623200.wav,识别成功

2025-11-20 15:20:06,True,<|en|>hi a g e,temp_vad_recording_1763623206.wav,识别成功
2025-11-20 15:20:08,True,<|en|>hi a g v,temp_vad_recording_1763623207.wav,识别成功
2025-11-20 15:20:09,True,<|en|>hi a g,temp_vad_recording_1763623209.wav,识别成功
2025-11-20 15:20:11,True,<|en|>hi h g v,temp_vad_recording_1763623210.wav,识别成功
2025-11-20 15:20:12,True,<|en|>hi aju,temp_vad_recording_1763623212.wav,识别成功

2025-11-20 15:20:17,True,<|en|>hi aju,temp_vad_recording_1763623216.wav,识别成功

2025-11-20 15:20:19,True,<|en|>at aju,temp_vad_recording_1763623219.wav,识别成功
2025-11-20 15:20:21,True,<|en|>hi a g,temp_vad_recording_1763623221.wav,识别成功

2025-11-20 15:20:23,True,<|ja|>hiい,temp_vad_recording_1763623223.wav,识别成功

2025-11-20 15:20:36,True,<|en|>hi,temp_vad_recording_1763623236.wav,识别成功
2025-11-20 15:20:37,True,<|en|>hey ju,temp_vad_recording_1763623236.wav,识别成功

2025-11-20 15:20:42,True,<|en|>hi a g,temp_vad_recording_1763623242.wav,识别成功


2025-11-20 15:21:09,True,hiい,temp_vad_recording_1763623269.wav,识别成功


2025-11-20 15:21:28,True,<|en|>hi heju,temp_vad_recording_1763623288.wav,识别成功


2025-11-20 15:21:32,True,<|en|>hi aj,temp_vad_recording_1763623291.wav,识别成功


2025-11-20 15:21:46,True,<|en|>hi aju,temp_vad_recording_1763623306.wav,识别成功
2025-11-20 15:21:48,True,<|en|>hi a g,temp_vad_recording_1763623308.wav,识别成功
2025-11-20 15:21:51,True,<|en|>hi a g,temp_vad_recording_1763623310.wav,识别成功
2025-11-20 15:21:53,True,<|en|>hi a g v,temp_vad_recording_1763623313.wav,识别成功
2025-11-20 15:21:56,True,<|en|>hi a j a,temp_vad_recording_1763623316.wav,识别成功
2025-11-20 15:21:58,True,<|en|>hi a g a,temp_vad_recording_1763623318.wav,识别成功
2025-11-20 15:22:01,True,<|en|>hi a g,temp_vad_recording_1763623321.wav,识别成功
2025-11-20 15:22:04,True,<|en|>hi a g,temp_vad_recording_1763623323.wav,识别成功
2025-11-20 15:22:06,True,hi a j,temp_vad_recording_1763623326.wav,识别成功
2025-11-20 15:22:09,True,<|en|>hi a g,temp_vad_recording_1763623329.wav,识别成功
2025-11-20 15:22:12,True,<|en|>hi a g,temp_vad_recording_1763623332.wav,识别成功
2025-11-20 15:22:15,True,<|en|>hi aj,temp_vad_recording_1763623335.wav,识别成功
2025-11-20 15:22:18,True,<|en|>hi a g a,temp_vad_recording_1763623338.wav,识别成功
2025-11-20 15:22:21,True,<|en|>hi a,temp_vad_recording_1763623340.wav,识别成功
2025-11-20 15:22:23,True,<|en|>hi hej,temp_vad_recording_1763623343.wav,识别成功
2025-11-20 15:22:26,True,<|en|>hi hej,temp_vad_recording_1763623346.wav,识别成功
2025-11-20 15:22:29,True,<|en|>hi ajo,temp_vad_recording_1763623349.wav,识别成功
2025-11-20 15:22:32,True,<|en|>hi a g,temp_vad_recording_1763623351.wav,识别成功
2025-11-20 15:22:34,True,<|en|>hi aja a,temp_vad_recording_1763623354.wav,识别成功
2025-11-20 15:22:38,True,<|en|>hi a g a,temp_vad_recording_1763623357.wav,识别成功

2025-11-20 15:22:42,True,<|en|>hi aj,temp_vad_recording_1763623362.wav,识别成功

2025-11-20 15:22:47,True,<|en|>hi a g a,temp_vad_recording_1763623367.wav,识别成功


2025-11-20 15:22:55,True,<|en|>hi a g,temp_vad_recording_1763623375.wav,识别成功
2025-11-20 15:22:57,True,<|en|>hi a g,temp_vad_recording_1763623377.wav,识别成功
2025-11-20 15:23:00,True,<|en|>hi heju,temp_vad_recording_1763623380.wav,识别成功
2025-11-20 15:23:02,True,<|en|>hi aj,temp_vad_recording_1763623382.wav,识别成功
2025-11-20 15:23:05,True,<|en|>hi aj,temp_vad_recording_1763623385.wav,识别成功
2025-11-20 15:23:08,True,<|en|>hi aj,temp_vad_recording_1763623388.wav,识别成功
2025-11-20 15:23:11,True,<|en|>hi a,temp_vad_recording_1763623390.wav,识别成功
2025-11-20 15:23:13,True,<|en|>hi aja,temp_vad_recording_1763623393.wav,识别成功


2025-11-20 15:23:22,True,<|en|>hi a g,temp_vad_recording_1763623401.wav,识别成功
2025-11-20 15:23:24,True,<|en|>hi a g a,temp_vad_recording_1763623404.wav,识别成功
2025-11-20 15:23:26,True,<|en|>hi heyre,temp_vad_recording_1763623406.wav,识别成功
2025-11-20 15:23:29,True,<|en|>hi h a,temp_vad_recording_1763623409.wav,识别成功
2025-11-20 15:23:32,True,hi a g a,temp_vad_recording_1763623411.wav,识别成功
2025-11-20 15:23:34,True,<|en|>hi a g a,temp_vad_recording_1763623414.wav,识别成功
2025-11-20 15:23:36,True,<|en|>hi aj,temp_vad_recording_1763623416.wav,识别成功
2025-11-20 15:23:38,True,<|en|>hi a j,temp_vad_recording_1763623418.wav,识别成功
2025-11-20 15:23:41,True,hi a g a,temp_vad_recording_1763623420.wav,识别成功
2025-11-20 15:23:43,True,hi h g a,temp_vad_recording_1763623422.wav,识别成功
2025-11-20 15:23:45,True,<|en|>hi a g a,temp_vad_recording_1763623425.wav,识别成功
2025-11-20 15:23:47,True,<|en|>hi aj,temp_vad_recording_1763623427.wav,识别成功
2025-11-20 15:23:50,True,<|en|>hi ajo,temp_vad_recording_1763623430.wav,识别成功
2025-11-20 15:23:52,True,hi a g a,temp_vad_recording_1763623432.wav,识别成功
2025-11-20 15:23:56,True,<|en|>hi a,temp_vad_recording_1763623436.wav,识别成功
2025-11-20 15:23:59,True,<|en|>hi aj,temp_vad_recording_1763623438.wav,识别成功


2025-11-20 15:24:04,True,<|en|>hi ajo,temp_vad_recording_1763623444.wav,识别成功

2025-11-20 15:24:08,True,<|en|>hi a g a,temp_vad_recording_1763623448.wav,识别成功





2025-11-20 15:32:01,True,<|en|>hi ag v,temp_vad_recording_1763623921.wav,识别成功

2025-11-20 15:32:16,True,<|en|>hi a,temp_vad_recording_1763623935.wav,识别成功

2025-11-20 15:32:32,True,<|yue|>系聚 v,temp_vad_recording_1763623951.wav,识别成功

2025-11-20 15:32:50,True,<|en|>hey a av,temp_vad_recording_1763623970.wav,识别成功
2025-11-20 15:32:53,True,配 a g v,temp_vad_recording_1763623972.wav,识别成功
2025-11-20 15:32:55,True,<|en|>hey h v,temp_vad_recording_1763623975.wav,识别成功


2025-11-20 15:33:03,True,<|en|>hi aja,temp_vad_recording_1763623983.wav,识别成功

2025-11-20 15:33:09,True,<|yue|>hi a,temp_vad_recording_1763623988.wav,识别成功






2025-11-20 15:37:15,True,<|en|>hi a ju a,temp_vad_recording_1763624234.wav,识别成功

2025-11-20 15:37:20,True,<|en|>hi h v,temp_vad_recording_1763624239.wav,识别成功
2025-11-20 15:37:22,True,<|en|>hi h g v,temp_vad_recording_1763624241.wav,识别成功

2025-11-20 15:37:38,True,<|en|>hi a v,temp_vad_recording_1763624258.wav,识别成功


2025-11-20 15:37:44,True,hi h v,temp_vad_recording_1763624264.wav,识别成功

2025-11-20 15:37:48,True,<|en|>hejuy,temp_vad_recording_1763624268.wav,识别成功

2025-11-20 15:37:52,True,<|en|>hi a,temp_vad_recording_1763624272.wav,识别成功

2025-11-20 15:38:12,True,<|en|>hi a ju,temp_vad_recording_1763624292.wav,识别成功


2025-11-20 15:38:43,True,<|en|>hi a v,temp_vad_recording_1763624322.wav,识别成功

2025-11-20 15:38:49,True,<|en|>hiri,temp_vad_recording_1763624329.wav,识别成功
2025-11-20 15:38:52,True,<|en|>hi ag v,temp_vad_recording_1763624332.wav,识别成功
2025-11-20 15:38:56,True,<|en|>hi a v,temp_vad_recording_1763624336.wav,识别成功

2025-11-20 15:39:01,True,<|en|>hi a,temp_vad_recording_1763624341.wav,识别成功


2025-11-20 15:39:15,True,<|en|>hi hv,temp_vad_recording_1763624355.wav,识别成功
2025-11-20 15:39:18,True,hi h g v,temp_vad_recording_1763624358.wav,识别成功

2025-11-20 15:39:26,True,<|en|>hi a ju,temp_vad_recording_1763624366.wav,识别成功

2025-11-20 15:39:32,True,<|en|>hi a,temp_vad_recording_1763624372.wav,识别成功

2025-11-20 15:39:41,True,<|en|>hi aju v,temp_vad_recording_1763624380.wav,识别成功
2025-11-20 15:39:45,True,<|en|>hi aju,temp_vad_recording_1763624385.wav,识别成功
2025-11-20 15:39:49,True,<|en|>hi a g v,temp_vad_recording_1763624389.wav,识别成功
2025-11-20 15:39:54,True,<|en|>hi a g v,temp_vad_recording_1763624394.wav,识别成功
2025-11-20 15:39:59,True,<|en|>hi a v,temp_vad_recording_1763624398.wav,识别成功
2025-11-20 15:40:03,True,<|en|>hi aju v,temp_vad_recording_1763624403.wav,识别成功
2025-11-20 15:40:11,True,<|en|>hi a g v,temp_vad_recording_1763624411.wav,识别成功
2025-11-20 16:48:31,True,hi a g v,temp_vad_recording_1763628511.wav,识别成功
2025-11-20 16:48:34,True,a g v,temp_vad_recording_1763628514.wav,识别成功
2025-11-20 16:48:45,True,a就 v,temp_vad_recording_1763628525.wav,识别成功
2025-11-20 16:48:53,True,就 a,temp_vad_recording_1763628533.wav,识别成功
2025-11-20 16:49:01,True,欢 t v,temp_vad_recording_1763628540.wav,识别成功
2025-11-20 16:49:07,True,爱 a g v,temp_vad_recording_1763628547.wav,识别成功
2025-11-20 16:49:16,True,秋薇,temp_vad_recording_1763628555.wav,识别成功
2025-11-20 16:49:25,True,爱 a g v,temp_vad_recording_1763628564.wav,识别成功
2025-11-20 16:49:35,True,周威,temp_vad_recording_1763628575.wav,识别成功
2025-11-20 16:49:44,True,<|yue|>系几位,temp_vad_recording_1763628583.wav,识别成功
2025-11-20 16:49:50,True,开机杯,temp_vad_recording_1763628590.wav,识别成功
2025-11-20 16:49:55,True,<|en|><|SURPRISED|>o,temp_vad_recording_1763628594.wav,识别成功
2025-11-20 16:49:56,True,<|HAPPY|>改好了改好了,temp_vad_recording_1763628596.wav,识别成功
2025-11-20 16:49:58,True,发的那个,temp_vad_recording_1763628598.wav,识别成功
2025-11-21 01:14:35,True,派 a 七 v,temp_vad_recording_1763658875.wav,识别成功
2025-11-21 01:14:45,True,你好你好你好你好关闭对话你好,temp_vad_recording_1763658885.wav,识别成功
2025-11-21 01:14:50,True,语音对话结束,temp_vad_recording_1763658890.wav,识别成功
2025-11-21 01:14:51,True,请重新唤醒我,temp_vad_recording_1763658891.wav,识别成功
2025-11-21 01:14:55,True,你好你好你好你好结束对话你好,temp_vad_recording_1763658895.wav,识别成功
2025-11-21 01:15:02,True,你好你好你好你好结束对话你好,temp_vad_recording_1763658902.wav,识别成功
2025-11-21 01:15:12,True,<|en|>oh,temp_vad_recording_1763658912.wav,识别成功
2025-11-21 01:15:41,True,hi a g v,temp_vad_recording_1763658940.wav,识别成功
2025-11-21 01:15:45,True,你好你好你好你好结束对话你好,temp_vad_recording_1763658945.wav,识别成功
2025-11-21 01:15:51,True,语音对话结束,temp_vad_recording_1763658951.wav,识别成功
2025-11-21 01:15:51,True,请重新唤醒我,temp_vad_recording_1763658951.wav,识别成功
2025-11-21 01:15:53,True,嗨 h v,temp_vad_recording_1763658953.wav,识别成功
2025-11-21 01:15:58,True,你好你好你好你好退出对话你好,temp_vad_recording_1763658958.wav,识别成功
2025-11-21 01:16:03,True,语音对话结束,temp_vad_recording_1763658963.wav,识别成功
2025-11-21 01:16:04,True,请重新唤醒我,temp_vad_recording_1763658963.wav,识别成功
2025-11-21 01:16:06,True,<|en|>hi a g v,temp_vad_recording_1763658966.wav,识别成功
2025-11-21 01:16:09,True,退出对话,temp_vad_recording_1763658969.wav,识别成功
2025-11-21 01:16:14,True,语音对话结束,temp_vad_recording_1763658974.wav,识别成功
2025-11-21 01:16:15,True,请重新唤醒我,temp_vad_recording_1763658975.wav,识别成功
2025-11-21 01:16:19,True,嗨 a t v,temp_vad_recording_1763658979.wav,识别成功
2025-11-21 01:16:22,True,结束对话,temp_vad_recording_1763658982.wav,识别成功
2025-11-21 01:16:28,True,语音对话结束,temp_vad_recording_1763658988.wav,识别成功
2025-11-21 01:16:28,True,请重新唤醒我,temp_vad_recording_1763658988.wav,识别成功
2025-11-21 01:16:29,True,hi a g v,temp_vad_recording_1763658989.wav,识别成功
2025-11-21 01:16:33,True,关闭绘画,temp_vad_recording_1763658992.wav,识别成功
2025-11-21 01:16:43,True,hi a g v,temp_vad_recording_1763659003.wav,识别成功
2025-11-21 01:16:46,True,关闭绘画,temp_vad_recording_1763659005.wav,识别成功
2025-11-21 01:16:56,True,<|yue|>还 a g v,temp_vad_recording_1763659016.wav,识别成功
2025-11-21 01:16:58,True,结束绘画,temp_vad_recording_1763659018.wav,识别成功
2025-11-21 01:17:24,True,<|yue|>hi志 v,temp_vad_recording_1763659044.wav,识别成功
2025-11-21 01:17:27,True,关闭对话,temp_vad_recording_1763659047.wav,识别成功
2025-11-21 01:17:33,True,语音对话结束,temp_vad_recording_1763659053.wav,识别成功
2025-11-21 01:17:33,True,请重新唤醒我,temp_vad_recording_1763659053.wav,识别成功
2025-11-21 01:17:35,True,开 g v,temp_vad_recording_1763659055.wav,识别成功
2025-11-21 01:17:38,True,结束对话,temp_vad_recording_1763659058.wav,识别成功
2025-11-21 01:17:44,True,语音对话结束,temp_vad_recording_1763659063.wav,识别成功
2025-11-21 01:17:44,True,请重新唤醒我,temp_vad_recording_1763659064.wav,识别成功
2025-11-21 01:17:45,True,<|en|>hi a g v,temp_vad_recording_1763659065.wav,识别成功
2025-11-21 01:17:48,True,退出对话,temp_vad_recording_1763659068.wav,识别成功
2025-11-21 01:17:54,True,语音对话结束,temp_vad_recording_1763659074.wav,识别成功
2025-11-21 01:17:54,True,请重新唤醒我,temp_vad_recording_1763659074.wav,识别成功
2025-11-21 01:17:56,True,<|en|>hi a g v,temp_vad_recording_1763659076.wav,识别成功
2025-11-21 01:18:01,True,你好你好你好你好退出对话你好,temp_vad_recording_1763659081.wav,识别成功
2025-11-21 01:18:06,True,语音对话结束,temp_vad_recording_1763659086.wav,识别成功
2025-11-21 01:18:06,True,请重新唤醒我,temp_vad_recording_1763659086.wav,识别成功
2025-11-21 01:18:09,True,嗨几 v,temp_vad_recording_1763659088.wav,识别成功
2025-11-21 01:18:14,True,你好你好你好你好结束会结束对话你好,temp_vad_recording_1763659094.wav,识别成功
2025-11-21 01:18:19,True,语音对话结束,temp_vad_recording_1763659099.wav,识别成功
2025-11-21 01:18:20,True,请重新唤醒我,temp_vad_recording_1763659100.wav,识别成功
2025-11-21 01:18:22,True,还有 a g v,temp_vad_recording_1763659102.wav,识别成功
2025-11-21 01:18:49,True,嗨 a g v,temp_vad_recording_1763659129.wav,识别成功
2025-11-21 01:18:54,True,<|SAD|>你好你好你好你好,temp_vad_recording_1763659134.wav,识别成功
2025-11-21 01:18:56,True,退出,temp_vad_recording_1763659136.wav,识别成功
2025-11-21 01:19:20,True,嗨 h t v,temp_vad_recording_1763659160.wav,识别成功
2025-11-21 01:19:25,True,你好你好你好你好退出对花你好,temp_vad_recording_1763659165.wav,识别成功
2025-11-21 01:19:52,True,<|en|>hi a g v,temp_vad_recording_1763659191.wav,识别成功
2025-11-21 01:19:56,True,你好你好你好你好退出对话你好,temp_vad_recording_1763659196.wav,识别成功
2025-11-21 01:20:02,True,语音对话结束,temp_vad_recording_1763659202.wav,识别成功
2025-11-21 01:20:02,True,请重新唤醒我,temp_vad_recording_1763659202.wav,识别成功
2025-11-21 01:21:10,True,<|yue|>诶 a g v,temp_vad_recording_1763659270.wav,识别成功
2025-11-21 01:21:14,True,嗨有 a t v,temp_vad_recording_1763659274.wav,识别成功
2025-11-21 01:22:17,True,派 a t v,temp_vad_recording_1763659337.wav,识别成功
2025-11-21 01:22:22,True,你好你好你好你好关闭绘画你好,temp_vad_recording_1763659342.wav,识别成功
2025-11-21 01:23:01,True,hi a g v,temp_vad_recording_1763659381.wav,识别成功
2025-11-21 01:23:03,True,你好,temp_vad_recording_1763659383.wav,识别成功
2025-11-21 01:23:05,True,巴拉巴拉巴拉巴拉,temp_vad_recording_1763659385.wav,识别成功
2025-11-21 01:23:07,True,关闭汇换稍等,temp_vad_recording_1763659387.wav,识别成功
2025-11-21 01:23:09,True,不好意思,temp_vad_recording_1763659389.wav,识别成功
2025-11-21 01:23:13,True,学习,temp_vad_recording_1763659392.wav,识别成功
2025-11-21 01:23:15,True,hi a g v,temp_vad_recording_1763659395.wav,识别成功
2025-11-21 01:23:19,True,巴拉巴拉巴拉巴拉关闭绘画你好,temp_vad_recording_1763659399.wav,识别成功
2025-11-21 01:23:25,True,语音对话结束,temp_vad_recording_1763659405.wav,识别成功
2025-11-21 01:23:25,True,请重新唤醒我,temp_vad_recording_1763659405.wav,识别成功
2025-11-21 01:23:27,True,<|en|>hi a g v,temp_vad_recording_1763659406.wav,识别成功
2025-11-21 01:23:31,True,巴拉巴拉巴拉巴拉退出绘画你好,temp_vad_recording_1763659411.wav,识别成功
2025-11-21 01:23:37,True,语音对话结束,temp_vad_recording_1763659416.wav,识别成功
2025-11-21 01:23:37,True,请重新唤醒我,temp_vad_recording_1763659417.wav,识别成功
2025-11-21 01:23:38,True,hi a g v,temp_vad_recording_1763659418.wav,识别成功
2025-11-21 01:23:42,True,巴拉巴拉巴拉巴拉结束绘画你好,temp_vad_recording_1763659422.wav,识别成功
2025-11-21 01:23:48,True,语音对话结束,temp_vad_recording_1763659427.wav,识别成功
2025-11-21 01:23:48,True,请重新唤醒我,temp_vad_recording_1763659428.wav,识别成功
2025-11-21 01:23:50,True,hi a g v,temp_vad_recording_1763659430.wav,识别成功
2025-11-21 01:23:54,True,巴拉巴拉巴拉巴拉关闭对话你好,temp_vad_recording_1763659434.wav,识别成功
2025-11-21 01:23:59,True,语音对话结束,temp_vad_recording_1763659439.wav,识别成功
2025-11-21 01:24:00,True,请重新唤醒我,temp_vad_recording_1763659440.wav,识别成功
2025-11-21 01:24:02,True,hi a g v,temp_vad_recording_1763659442.wav,识别成功
2025-11-21 01:24:06,True,巴拉巴拉巴拉巴拉退出对话你好,temp_vad_recording_1763659446.wav,识别成功
2025-11-21 01:24:11,True,语音对话结束,temp_vad_recording_1763659451.wav,识别成功
2025-11-21 01:24:12,True,请重新唤醒我,temp_vad_recording_1763659451.wav,识别成功
2025-11-21 01:24:14,True,hi a g v,temp_vad_recording_1763659454.wav,识别成功
2025-11-21 01:24:18,True,巴拉巴拉巴拉巴拉结束兑换你好,temp_vad_recording_1763659458.wav,识别成功
2025-11-21 01:24:20,True,您稍等,temp_vad_recording_1763659460.wav,识别成功
2025-11-21 01:24:33,True,<|ja|>一旦ち,temp_vad_recording_1763659473.wav,识别成功
2025-11-21 01:24:35,True,电压为二十六,temp_vad_recording_1763659474.wav,识别成功
2025-11-21 01:24:38,True,<|ja|>二十一ご的し,temp_vad_recording_1763659477.wav,识别成功
2025-11-21 01:24:40,True,<|ja|>ほいい,temp_vad_recording_1763659480.wav,识别成功
2025-11-21 01:24:43,True,的 i g v 电池温度为三十二安培,temp_vad_recording_1763659483.wav,识别成功
2025-11-21 01:24:47,True,车辆别,temp_vad_recording_1763659487.wav,识别成功
2025-11-21 01:24:48,True,号位一,temp_vad_recording_1763659488.wav,识别成功
2025-11-21 01:24:49,True,来奇位店,temp_vad_recording_1763659489.wav,识别成功
2025-11-21 01:24:51,True,温度为三十二摄氏,temp_vad_recording_1763659491.wav,识别成功
2025-11-21 01:24:55,True,车辆编号为,temp_vad_recording_1763659495.wav,识别成功
2025-11-21 01:24:58,True,极位电池温度为三十二,temp_vad_recording_1763659498.wav,识别成功
2025-11-21 01:25:00,True,其为电池,temp_vad_recording_1763659500.wav,识别成功
2025-11-21 01:25:01,True,百分之,temp_vad_recording_1763659501.wav,识别成功
2025-11-21 01:25:03,True,任务完成,temp_vad_recording_1763659503.wav,识别成功
2025-11-21 01:25:05,True,我没了解到,temp_vad_recording_1763659505.wav,识别成功
2025-11-21 01:25:07,True,为百分,temp_vad_recording_1763659507.wav,识别成功
2025-11-21 01:25:08,True,六点五二,temp_vad_recording_1763659508.wav,识别成功
2025-11-21 01:25:21,True,hi a t v,temp_vad_recording_1763659521.wav,识别成功
2025-11-21 01:25:26,True,巴拉巴拉巴拉巴拉关闭绘画你好,temp_vad_recording_1763659526.wav,识别成功
2025-11-21 01:25:31,True,语音对话结束,temp_vad_recording_1763659531.wav,识别成功
2025-11-21 01:25:32,True,请重新唤醒我,temp_vad_recording_1763659532.wav,识别成功
2025-11-21 01:25:33,True,嗨 a g v,temp_vad_recording_1763659533.wav,识别成功
2025-11-21 01:25:37,True,巴拉巴拉巴拉巴拉关闭对话你好,temp_vad_recording_1763659537.wav,识别成功
2025-11-21 01:25:43,True,语音对话结束,temp_vad_recording_1763659543.wav,识别成功
2025-11-21 01:25:43,True,请重新唤醒我,temp_vad_recording_1763659543.wav,识别成功
2025-11-21 01:25:44,True,嗨 a g v,temp_vad_recording_1763659544.wav,识别成功
2025-11-21 01:25:48,True,巴拉巴拉巴拉巴拉退出对话你好,temp_vad_recording_1763659548.wav,识别成功
2025-11-21 01:25:53,True,语音对话结束,temp_vad_recording_1763659553.wav,识别成功
2025-11-21 01:25:54,True,请重新唤醒我,temp_vad_recording_1763659553.wav,识别成功
2025-11-21 01:25:55,True,嗨 a g v,temp_vad_recording_1763659555.wav,识别成功
2025-11-21 01:25:59,True,巴拉巴拉巴拉巴拉结束对话你好,temp_vad_recording_1763659559.wav,识别成功
2025-11-21 01:55:37,True,hi a g v,temp_vad_recording_1763661336.wav,识别成功
2025-11-21 01:55:43,True,关闭对话,temp_vad_recording_1763661342.wav,识别成功
2025-11-21 01:55:48,True,语音对话结束,temp_vad_recording_1763661348.wav,识别成功
2025-11-21 01:55:48,True,请重新唤醒我,temp_vad_recording_1763661348.wav,识别成功
2025-11-21 01:55:54,True,hi a t v,temp_vad_recording_1763661354.wav,识别成功
2025-11-21 01:56:17,True,语音对话结束,temp_vad_recording_1763661376.wav,识别成功
2025-11-21 01:56:17,True,你好你好你好你好你好你好你好你好你好,temp_vad_recording_1763661377.wav,识别成功
2025-11-21 01:56:21,True,你好你好你好你好,temp_vad_recording_1763661381.wav,识别成功
2025-11-21 01:56:24,True,<|en|>hi a g v,temp_vad_recording_1763661383.wav,识别成功
2025-11-21 01:56:48,True,你好你好你好你好你好你好你好你好你好你好你好你好你好你好你好你好你好你好你好,temp_vad_recording_1763661408.wav,识别成功
2025-11-21 01:56:51,True,<|en|>f,temp_vad_recording_1763661411.wav,识别成功
2025-11-21 01:57:21,True,hi a t v,temp_vad_recording_1763661441.wav,识别成功
2025-11-21 01:57:24,True,结束对话,temp_vad_recording_1763661444.wav,识别成功
2025-11-21 01:57:30,True,语音对话你好你好你好你好你好你好你好你好你好你好你好你好你好,temp_vad_recording_1763661450.wav,识别成功
2025-11-25 14:47:52,True,<|en|>hello,temp_vad_recording_1764053271.wav,识别成功
2025-11-25 14:47:56,True,<|ja|>い,temp_vad_recording_1764053276.wav,识别成功
2025-11-25 14:48:00,True,<|ja|>反の来就是了を发一个给就,temp_vad_recording_1764053279.wav,识别成功
2025-11-25 14:48:03,True,再找到我说两个点早有一个原都不管,temp_vad_recording_1764053283.wav,识别成功
2025-11-25 14:48:07,True,hi h v,temp_vad_recording_1764053286.wav,识别成功
2025-11-25 14:48:22,True,因为,temp_vad_recording_1764053301.wav,识别成功
2025-11-25 14:48:24,True,因为这个,temp_vad_recording_1764053304.wav,识别成功
2025-11-25 14:48:34,True,他,temp_vad_recording_1764053314.wav,识别成功
2025-11-25 14:48:45,True,<|ja|>不怎よ,temp_vad_recording_1764053325.wav,识别成功
2025-11-25 14:49:08,True,行吧那个,temp_vad_recording_1764053348.wav,识别成功
2025-11-25 14:49:08,True,要很快模板没模板形成,temp_vad_recording_1764053348.wav,识别成功
2025-11-25 14:49:09,True,嗯现在的问题是在于,temp_vad_recording_1764053349.wav,识别成功
2025-11-25 14:49:14,True,我也不想反问在现场有两个点第一点就是,temp_vad_recording_1764053353.wav,识别成功
2025-11-25 14:49:17,True,然后也不能说这个版本可能用下边的可用,temp_vad_recording_1764053357.wav,识别成功
2025-11-25 14:50:26,True,<|ja|>主要は,temp_vad_recording_1764053426.wav,识别成功
2025-11-25 14:50:32,True,爱 av 车辆完成率是多少,temp_vad_recording_1764053432.wav,识别成功
2025-11-25 14:50:35,True,十月发搞,temp_vad_recording_1764053434.wav,识别成功
2025-11-25 14:50:46,True,<|en|>re,temp_vad_recording_1764053446.wav,识别成功
2025-11-25 14:50:49,True,那我什么意,temp_vad_recording_1764053448.wav,识别成功
2025-11-25 14:50:59,True,<|ANGRY|>说是我说的不是你,temp_vad_recording_1764053459.wav,识别成功
2025-11-25 14:51:04,True,<|ja|>あし月このびながで,temp_vad_recording_1764053464.wav,识别成功
2025-11-25 14:51:17,True,不用,temp_vad_recording_1764053477.wav,识别成功
2025-11-25 14:51:21,True,现在可以不用在家里面必须要测我一直强调这个呀,temp_vad_recording_1764053480.wav,识别成功
2025-11-25 14:51:29,True,<|HAPPY|>喂,temp_vad_recording_1764053489.wav,识别成功
2025-11-25 14:51:32,True,<|ja|>そうだ,temp_vad_recording_1764053492.wav,识别成功
2025-11-25 14:51:34,True,有门禁,temp_vad_recording_1764053494.wav,识别成功
2025-11-25 14:51:43,True,后送,temp_vad_recording_1764053503.wav,识别成功
2025-11-25 14:51:46,True,跟着把我,temp_vad_recording_1764053505.wav,识别成功
2025-11-25 14:51:46,True,把我给那个了,temp_vad_recording_1764053506.wav,识别成功
2025-11-25 14:51:48,True,有门禁这个,temp_vad_recording_1764053507.wav,识别成功
2025-11-25 14:51:49,True,送过来就忘个,temp_vad_recording_1764053509.wav,识别成功
2025-11-25 14:51:54,True,行你放心到一半嘛然后给我发个短信啊,temp_vad_recording_1764053514.wav,识别成功
2025-11-25 14:51:58,True,<|yue|>关佢冇关系水里嘛,temp_vad_recording_1764053518.wav,识别成功
2025-11-25 14:52:04,True,对对我老目标是要那个,temp_vad_recording_1764053523.wav,识别成功
2025-11-25 14:52:05,True,行嗯好的,temp_vad_recording_1764053525.wav,识别成功
2025-11-25 14:52:08,True,<|yue|>道吧,temp_vad_recording_1764053528.wav,识别成功
2025-11-25 14:52:10,True,下如果现在是,temp_vad_recording_1764053530.wav,识别成功
2025-11-25 14:52:11,True,用来帮助,temp_vad_recording_1764053531.wav,识别成功
2025-11-25 14:52:13,True,发月回去,temp_vad_recording_1764053533.wav,识别成功
2025-11-25 14:52:15,True,你觉得你现在最早,temp_vad_recording_1764053534.wav,识别成功
2025-11-25 14:52:16,True,<|yue|>其他电工,temp_vad_recording_1764053536.wav,识别成功
2025-11-25 14:52:21,True,<|yue|>即得现系回就嗰即系佢咧系,temp_vad_recording_1764053540.wav,识别成功
2025-11-25 14:52:21,True,<|ja|>非持ち,temp_vad_recording_1764053541.wav,识别成功
2025-11-25 14:52:22,True,<|en|>デ下,temp_vad_recording_1764053542.wav,识别成功
2025-11-25 14:52:25,True,我不要这你种他做,temp_vad_recording_1764053544.wav,识别成功
2025-11-25 14:52:31,True,就是我这个模板,temp_vad_recording_1764053551.wav,识别成功
2025-11-25 14:52:35,True,<|yue|>发出嚟,temp_vad_recording_1764053555.wav,识别成功
2025-11-25 14:52:36,True,<|yue|>我十,temp_vad_recording_1764053556.wav,识别成功
2025-11-25 14:52:38,True,说了你先发出来吧正我就是,temp_vad_recording_1764053558.wav,识别成功
2025-11-25 14:52:47,True,我我先先发出来,temp_vad_recording_1764053566.wav,识别成功
2025-11-25 14:52:49,True,<|en|>what有,temp_vad_recording_1764053569.wav,识别成功
2025-11-25 14:52:51,True,说就是对为现场码赛你都听到都测都是我要求测的,temp_vad_recording_1764053571.wav,识别成功
2025-11-25 14:52:54,True,因为这个字段加发转这个表格里面,temp_vad_recording_1764053574.wav,识别成功
2025-11-25 14:52:59,True,你说我啥都跟你说转在现场我要撤,temp_vad_recording_1764053579.wav,识别成功
2025-11-25 14:53:03,True,然后我再去,temp_vad_recording_1764053582.wav,识别成功
2025-11-25 14:53:08,True,这稍微有效不同,temp_vad_recording_1764053588.wav,识别成功
2025-11-25 14:53:13,True,这句话我我我我话了,temp_vad_recording_1764053592.wav,识别成功
2025-11-25 14:53:15,True,单独都不人的变我也没把法你们拉匹配,temp_vad_recording_1764053595.wav,识别成功
2025-11-25 14:53:25,True,存下那个项目当当时上目是,temp_vad_recording_1764053605.wav,识别成功
2025-11-25 14:53:28,True,一直对面说不太好解决,temp_vad_recording_1764053607.wav,识别成功
2025-11-25 14:53:29,True,然后呢我现在,temp_vad_recording_1764053609.wav,识别成功
2025-11-25 14:53:31,True,当时我看了一下我发现,temp_vad_recording_1764053611.wav,识别成功
2025-11-25 14:53:34,True,或是说,temp_vad_recording_1764053614.wav,识别成功
2025-11-25 14:53:35,True,<|ja|>しよいって,temp_vad_recording_1764053615.wav,识别成功
2025-11-25 14:53:37,True,<|ja|>这都有,temp_vad_recording_1764053617.wav,识别成功
2025-11-25 14:53:41,True,用来做其他事情我当时说了需政五管就推断,temp_vad_recording_1764053620.wav,识别成功
2025-11-25 14:53:44,True,土板计划就变成合法计划后来,temp_vad_recording_1764053623.wav,识别成功
2025-11-25 14:53:49,True,所以我让系里去开发了呀,temp_vad_recording_1764053629.wav,识别成功
2025-11-25 14:54:02,True,你觉得这个触发,temp_vad_recording_1764053641.wav,识别成功
2025-11-25 14:54:04,True,<|ja|>こつが,temp_vad_recording_1764053644.wav,识别成功
2025-11-25 14:54:05,True,<|yue|>即嗰个水嘅写,temp_vad_recording_1764053644.wav,识别成功
2025-11-25 14:54:09,True,<|ja|>そま,temp_vad_recording_1764053649.wav,识别成功
2025-11-25 14:54:12,True,<|yue|>先把那边啲马上备时,temp_vad_recording_1764053652.wav,识别成功
2025-11-25 14:54:16,True,那我下次我用文字说还说数什话,temp_vad_recording_1764053656.wav,识别成功
2025-11-25 14:54:18,True,狗狗给你打电话不断数,temp_vad_recording_1764053658.wav,识别成功
2025-11-25 14:54:19,True,可了吧,temp_vad_recording_1764053659.wav,识别成功
2025-11-25 14:54:23,True,我知道这边个问题要 doing,temp_vad_recording_1764053663.wav,识别成功
2025-11-25 14:54:35,True,要素,temp_vad_recording_1764053675.wav,识别成功
2025-11-25 14:54:38,True,不要让我陷入变,temp_vad_recording_1764053677.wav,识别成功
2025-11-25 14:55:00,True,这个被我们松上,temp_vad_recording_1764053700.wav,识别成功
2025-11-25 14:55:02,True,没有关这不是这样,temp_vad_recording_1764053702.wav,识别成功
2025-11-25 14:55:05,True,<|ja|>やっぱ,temp_vad_recording_1764053705.wav,识别成功
2025-11-25 14:55:07,True,你是我们,temp_vad_recording_1764053707.wav,识别成功
2025-11-25 14:55:09,True,这不用还是我,temp_vad_recording_1764053709.wav,识别成功
2025-11-25 14:55:16,True,那我觉得会,temp_vad_recording_1764053715.wav,识别成功
2025-11-25 14:55:20,True,<|ja|>寝ルベをおじさにもる,temp_vad_recording_1764053720.wav,识别成功
2025-11-25 14:55:22,True,<|yue|>就有电,temp_vad_recording_1764053721.wav,识别成功
2025-11-25 14:55:23,True,据说这个做法,temp_vad_recording_1764053723.wav,识别成功
2025-11-25 14:55:26,True,需要套研发去,temp_vad_recording_1764053726.wav,识别成功
2025-11-25 14:55:37,True,<|ja|>すごい,temp_vad_recording_1764053737.wav,识别成功
2025-11-25 14:55:42,True,如果是说哪哪些哪些事型,temp_vad_recording_1764053742.wav,识别成功
2025-11-25 14:55:44,True,<|en|>what you want,temp_vad_recording_1764053743.wav,识别成功
2025-11-25 14:55:46,True,需要不是我这在选在的我可以的好的,temp_vad_recording_1764053746.wav,识别成功
2025-11-25 14:55:48,True,<|yue|>你爸板然,temp_vad_recording_1764053748.wav,识别成功
2025-11-25 14:55:54,True,现长如果是,temp_vad_recording_1764053754.wav,识别成功
2025-11-25 14:55:57,True,推电是在,temp_vad_recording_1764053757.wav,识别成功
2025-11-25 14:55:58,True,的话不说,temp_vad_recording_1764053758.wav,识别成功
2025-11-25 14:56:01,True,为研发申那种备案,temp_vad_recording_1764053760.wav,识别成功
2025-11-25 14:56:07,True,<|yue|>对税先讲啲冇,temp_vad_recording_1764053766.wav,识别成功
2025-11-25 14:56:10,True,<|en|>对,temp_vad_recording_1764053770.wav,识别成功
2025-11-25 14:56:29,True,这个是充会有,temp_vad_recording_1764053788.wav,识别成功
2025-11-25 14:56:29,True,<|ja|>いくさ,temp_vad_recording_1764053789.wav,识别成功
2025-11-25 14:56:41,True,也过了,temp_vad_recording_1764053801.wav,识别成功
2025-11-25 14:57:17,True,之前什么时候做,temp_vad_recording_1764053837.wav,识别成功
2025-11-25 14:57:31,True,咱们这这个模板的,temp_vad_recording_1764053851.wav,识别成功
2025-11-25 14:57:39,True,<|yue|>我得呢嘢成都,temp_vad_recording_1764053859.wav,识别成功
2025-11-25 14:57:41,True,对,temp_vad_recording_1764053861.wav,识别成功
2025-11-25 14:57:50,True,我现在,temp_vad_recording_1764053870.wav,识别成功
2025-11-25 14:57:51,True,存在一个问题,temp_vad_recording_1764053871.wav,识别成功
2025-11-25 14:57:53,True,有些时候我们来我们,temp_vad_recording_1764053873.wav,识别成功
2025-11-25 14:58:01,True,<|ja|>いやこれあえてぞ,temp_vad_recording_1764053881.wav,识别成功
2025-11-25 14:58:22,True,就只有那个意思,temp_vad_recording_1764053901.wav,识别成功
2025-11-25 14:58:24,True,乌龟点的位置,temp_vad_recording_1764053903.wav,识别成功
2025-11-25 14:58:26,True,任意一个位置都可以做,temp_vad_recording_1764053905.wav,识别成功
2025-11-25 14:58:46,True,<|yue|>你,temp_vad_recording_1764053926.wav,识别成功
2025-11-25 14:58:48,True,<|ja|>もそい,temp_vad_recording_1764053928.wav,识别成功
2025-11-25 14:58:59,True,你如过程说版本的问题,temp_vad_recording_1764053938.wav,识别成功
2025-11-25 14:58:59,True,<|en|>but,temp_vad_recording_1764053939.wav,识别成功
2025-11-25 14:59:01,True,本身上就牵持两个人嘛,temp_vad_recording_1764053941.wav,识别成功
2025-11-25 14:59:05,True,<|en|>,temp_vad_recording_1764053945.wav,识别成功
2025-11-25 14:59:24,True,<|yue|>还有吧,temp_vad_recording_1764053964.wav,识别成功
2025-11-25 14:59:28,True,<|ja|>方の,temp_vad_recording_1764053968.wav,识别成功
2025-11-25 14:59:31,True,<|yue|>你反就算,temp_vad_recording_1764053971.wav,识别成功
2025-11-25 14:59:32,True,哦,temp_vad_recording_1764053972.wav,识别成功
2025-11-25 14:59:50,True,将来可以直接说,temp_vad_recording_1764053990.wav,识别成功
2025-11-25 14:59:51,True,话,temp_vad_recording_1764053991.wav,识别成功
2025-11-25 15:01:29,True,<|yue|>这个,temp_vad_recording_1764054088.wav,识别成功
2025-11-25 15:01:31,True,个专制,temp_vad_recording_1764054090.wav,识别成功
2025-11-25 15:01:32,True,啊语音语音唤醒的,temp_vad_recording_1764054092.wav,识别成功
2025-11-25 15:01:34,True,这个很关你专利,temp_vad_recording_1764054094.wav,识别成功
2025-11-25 15:01:35,True,我来写,temp_vad_recording_1764054095.wav,识别成功
2025-11-25 15:01:38,True,对你不是刚好就可以在,temp_vad_recording_1764054097.wav,识别成功
2025-11-25 15:01:40,True,你也感冒了,temp_vad_recording_1764054100.wav,识别成功
2025-11-25 15:01:43,True,<|HAPPY|>这两天难受死我了你你这么,temp_vad_recording_1764054102.wav,识别成功
2025-11-25 15:01:44,True,身体这么好的那个,temp_vad_recording_1764054104.wav,识别成功
2025-11-25 15:01:46,True,我轰隆的声音都变了,temp_vad_recording_1764054105.wav,识别成功
2025-11-25 15:01:48,True,有点有没车异,temp_vad_recording_1764054108.wav,识别成功
2025-11-25 15:01:51,True,啊你说那个专业申请,temp_vad_recording_1764054110.wav,识别成功
2025-11-25 15:01:52,True,这个,temp_vad_recording_1764054112.wav,识别成功
2025-11-25 15:01:54,True,我觉得应该是可以,temp_vad_recording_1764054113.wav,识别成功
2025-11-25 15:01:57,True,嗯我们那个模模模的底备都过,temp_vad_recording_1764054117.wav,识别成功
2025-11-25 15:02:05,True,<|yue|>佢又咗,temp_vad_recording_1764054125.wav,识别成功
2025-11-25 15:02:06,True,<|ja|>ち,temp_vad_recording_1764054126.wav,识别成功
2025-11-25 15:02:07,True,可以申上,temp_vad_recording_1764054127.wav,识别成功
2025-11-25 15:02:08,True,<|en|>you guys,temp_vad_recording_1764054128.wav,识别成功
2025-11-25 15:02:10,True,有专利就水好白了,temp_vad_recording_1764054130.wav,识别成功
2025-11-25 15:02:12,True,对,temp_vad_recording_1764054131.wav,识别成功
2025-11-25 15:02:13,True,然后这个,temp_vad_recording_1764054133.wav,识别成功
2025-11-25 15:02:14,True,使用这个更能,temp_vad_recording_1764054134.wav,识别成功
2025-11-25 15:02:15,True,加好了但是,temp_vad_recording_1764054135.wav,识别成功
2025-11-25 15:02:18,True,但有些车路我需要我觉得需要调,temp_vad_recording_1764054138.wav,识别成功
2025-11-25 15:02:19,True,<|HAPPY|>首先,temp_vad_recording_1764054139.wav,识别成功
2025-11-25 15:02:20,True,我就一点,temp_vad_recording_1764054140.wav,识别成功
2025-11-25 15:02:23,True,就说这个两次施划间隔,temp_vad_recording_1764054142.wav,识别成功
2025-11-25 15:02:27,True,就这个在调你知道吧因为,temp_vad_recording_1764054146.wav,识别成功
2025-11-25 15:02:30,True,<|ANGRY|>你说嗨鸡杯武你说什么,temp_vad_recording_1764054149.wav,识别成功
2025-11-25 15:02:32,True,有多少台车,temp_vad_recording_1764054151.wav,识别成功
2025-11-25 15:02:36,True,如果两个说话进的快的那还是会是他们两段鱼对不对,temp_vad_recording_1764054155.wav,识别成功
2025-11-25 15:02:38,True,<|yue|>除非你得已门边管,temp_vad_recording_1764054158.wav,识别成功
2025-11-25 15:02:40,True,就是这个预分对是吧对,temp_vad_recording_1764054160.wav,识别成功
2025-11-25 15:02:41,True,<|en|> true,temp_vad_recording_1764054161.wav,识别成功
2025-11-25 15:02:46,True,你想要的功能太 g v 然后他直接来进行唤醒目前,temp_vad_recording_1764054166.wav,识别成功
2025-11-25 15:02:50,True,然后你说一段问题他直接来那个回复已经可了,temp_vad_recording_1764054170.wav,识别成功
2025-11-25 15:02:51,True,但是,temp_vad_recording_1764054171.wav,识别成功
2025-11-25 15:02:54,True,<|HAPPY|>但是这些参数咱们之前的参数都是根据,temp_vad_recording_1764054174.wav,识别成功
2025-11-25 15:02:58,True,那这个能不能是说不管他定了多少我们派 a d v 后面那个,temp_vad_recording_1764054177.wav,识别成功
2025-11-25 15:03:00,True,后面那个,temp_vad_recording_1764054180.wav,识别成功
2025-11-25 15:03:01,True,后面的那个东西都保留,temp_vad_recording_1764054181.wav,识别成功
2025-11-25 15:03:03,True,不行我这那你如果,temp_vad_recording_1764054183.wav,识别成功
2025-11-25 15:03:05,True,你想害 g v,temp_vad_recording_1764054184.wav,识别成功
2025-11-25 15:03:05,True,然后,temp_vad_recording_1764054185.wav,识别成功
2025-11-25 15:03:07,True,对吧,temp_vad_recording_1764054186.wav,识别成功
2025-11-25 15:03:08,True,是不是如果说你想,temp_vad_recording_1764054188.wav,识别成功
2025-11-25 15:03:11,True,你说还有这边他说你好,temp_vad_recording_1764054191.wav,识别成功
2025-11-25 15:03:12,True,那这样怎么办,temp_vad_recording_1764054191.wav,识别成功
2025-11-25 15:03:16,True,对啊这你你你把这护然就可你先想一想嘛,temp_vad_recording_1764054196.wav,识别成功
2025-11-25 15:03:17,True,你现在其实就是说,temp_vad_recording_1764054197.wav,识别成功
2025-11-25 15:03:19,True,当我说你好的时候嗯,temp_vad_recording_1764054199.wav,识别成功
2025-11-25 15:03:24,True,还会再说而已我们只是把这个部分再讨论,temp_vad_recording_1764054203.wav,识别成功
2025-11-25 15:03:28,True,<|ANGRY|>你除你挺好之外我再说的是货款的吗,temp_vad_recording_1764054208.wav,识别成功
2025-11-25 15:03:39,True,是吧,temp_vad_recording_1764054219.wav,识别成功
2025-11-25 15:03:42,True,<|HAPPY|>嗯,temp_vad_recording_1764054222.wav,识别成功
2025-11-25 15:03:45,True,就是这个,temp_vad_recording_1764054225.wav,识别成功
2025-11-25 15:03:49,True,他说你好是吧就是,temp_vad_recording_1764054229.wav,识别成功
2025-11-25 15:03:53,True,就只有在你好的过程中,temp_vad_recording_1764054232.wav,识别成功
2025-11-25 15:03:55,True,对,temp_vad_recording_1764054235.wav,识别成功
2025-11-25 15:04:05,True,<|ja|>其そだ,temp_vad_recording_1764054245.wav,识别成功
2025-11-25 15:04:09,True,<|yue|>问,temp_vad_recording_1764054248.wav,识别成功
2025-11-25 15:04:10,True,那个我跟王哥说一下,temp_vad_recording_1764054250.wav,识别成功
2025-11-25 15:04:12,True,<|ja|>同じ,temp_vad_recording_1764054252.wav,识别成功
2025-11-25 15:04:35,True,<|ja|>このもでや,temp_vad_recording_1764054275.wav,识别成功
2025-11-25 15:04:35,True,我确认下段时间,temp_vad_recording_1764054275.wav,识别成功
2025-11-25 15:04:49,True,<|ja|>あいか,temp_vad_recording_1764054289.wav,识别成功
2025-11-25 15:05:01,True,<|ja|>what,temp_vad_recording_1764054300.wav,识别成功
2025-11-25 15:05:01,True,<|ja|>ちもいいじゃん,temp_vad_recording_1764054301.wav,识别成功
2025-11-25 15:05:13,True,<|ja|>か,temp_vad_recording_1764054313.wav,识别成功
2025-11-25 15:05:14,True,<|yue|>但你,temp_vad_recording_1764054314.wav,识别成功
2025-11-25 15:05:39,True,<|ja|>でそかまが,temp_vad_recording_1764054338.wav,识别成功
2025-11-25 15:05:41,True,<|yue|>啊开咗咩嘢,temp_vad_recording_1764054341.wav,识别成功
2025-11-25 15:05:56,True,<|en|>it was,temp_vad_recording_1764054356.wav,识别成功
2025-11-25 15:06:18,True,不,temp_vad_recording_1764054378.wav,识别成功
2025-11-25 15:06:55,True,如果领导不我你他他方都没,temp_vad_recording_1764054415.wav,识别成功
2025-11-25 15:10:28,True,<|yue|>对,temp_vad_recording_1764054628.wav,识别成功
2025-11-25 15:11:18,True,<|Cough|>,temp_vad_recording_1764054678.wav,识别成功
2025-11-25 15:11:44,True,小德小德车辆编号,temp_vad_recording_1764054704.wav,识别成功
2025-11-25 15:12:23,True,小德小德车辆编号,temp_vad_recording_1764054743.wav,识别成功
2025-11-25 15:12:54,True,车辆编号汉 agv,temp_vad_recording_1764054773.wav,识别成功
2025-11-25 15:12:58,True,车辆编号 hi h t v,temp_vad_recording_1764054778.wav,识别成功
2025-11-25 15:13:31,True,车辆 high hv 编号,temp_vad_recording_1764054810.wav,识别成功
2025-11-25 15:13:56,True,s嗯,temp_vad_recording_1764054835.wav,识别成功
2025-11-25 15:14:30,True,车辆 high hv 完成率是多少,temp_vad_recording_1764054869.wav,识别成功
2025-11-25 15:15:21,True,<|ja|>うんうん,temp_vad_recording_1764054921.wav,识别成功
2025-11-25 15:15:29,True,车辆完成率 high a g v 是多少,temp_vad_recording_1764054929.wav,识别成功
2025-11-25 15:16:25,True,<|Cough|>,temp_vad_recording_1764054984.wav,识别成功
2025-11-25 15:18:26,True,<|en|>oh,temp_vad_recording_1764055106.wav,识别成功
2025-11-25 15:18:33,True,嗯嗯,temp_vad_recording_1764055112.wav,识别成功
2025-11-25 15:18:42,True,<|en|>hi,temp_vad_recording_1764055122.wav,识别成功
2025-11-25 15:19:44,True,o,temp_vad_recording_1764055183.wav,识别成功
2025-11-25 15:20:08,True,<|ja|>ううん,temp_vad_recording_1764055208.wav,识别成功
2025-11-25 15:20:13,True,<|en|>o,temp_vad_recording_1764055213.wav,识别成功
2025-11-25 15:21:13,True,<|yue|>嗯,temp_vad_recording_1764055273.wav,识别成功
2025-11-25 15:22:00,True,ok,temp_vad_recording_1764055320.wav,识别成功
2025-11-25 15:24:23,True,到我了,temp_vad_recording_1764055463.wav,识别成功
2025-11-25 15:24:24,True,怎么了不来事,temp_vad_recording_1764055464.wav,识别成功
2025-11-25 15:24:32,True,<|ja|>やしそりやし,temp_vad_recording_1764055472.wav,识别成功
2025-11-25 15:24:33,True,<|ja|>是,temp_vad_recording_1764055473.wav,识别成功
2025-11-25 15:24:36,True,<|en|> that going,temp_vad_recording_1764055476.wav,识别成功
2025-11-25 15:24:44,True,<|ja|>これで休みをち,temp_vad_recording_1764055484.wav,识别成功
2025-11-25 15:24:47,True,大家也别帮上就这,temp_vad_recording_1764055487.wav,识别成功
2025-11-25 15:24:48,True,<|en|>或者说,temp_vad_recording_1764055488.wav,识别成功
2025-11-25 15:24:50,True,去了解,temp_vad_recording_1764055490.wav,识别成功
2025-11-25 15:24:52,True,哦我们大家,temp_vad_recording_1764055491.wav,识别成功
2025-11-25 15:24:57,True,第二点是关于那个,temp_vad_recording_1764055496.wav,识别成功
2025-11-25 15:24:59,True,这个个性の问系,temp_vad_recording_1764055499.wav,识别成功
2025-11-25 15:25:00,True,呃共应的问题,temp_vad_recording_1764055500.wav,识别成功
2025-11-25 15:25:03,True,说那个,temp_vad_recording_1764055502.wav,识别成功
2025-11-25 15:25:06,True,没有关系的,temp_vad_recording_1764055506.wav,识别成功
2025-11-25 15:25:08,True,啊如果是说这种,temp_vad_recording_1764055508.wav,识别成功
2025-11-25 15:25:09,True,<|ja|>这し问题,temp_vad_recording_1764055509.wav,识别成功
2025-11-25 15:25:10,True,<|ja|>そこ,temp_vad_recording_1764055510.wav,识别成功
2025-11-25 15:25:12,True,一般都是,temp_vad_recording_1764055511.wav,识别成功
2025-11-25 15:25:15,True,强关联的,temp_vad_recording_1764055515.wav,识别成功
2025-11-25 15:25:18,True,他,temp_vad_recording_1764055517.wav,识别成功
2025-11-25 15:25:19,True,<|en|>じゃ,temp_vad_recording_1764055518.wav,识别成功
2025-11-25 15:25:21,True,存在的问题,temp_vad_recording_1764055521.wav,识别成功
2025-11-25 15:25:22,True,也就是说,temp_vad_recording_1764055522.wav,识别成功
2025-11-25 15:25:24,True,<|en|>what you ever,temp_vad_recording_1764055524.wav,识别成功
2025-11-25 15:25:27,True,当然其实我的理解就有些,temp_vad_recording_1764055527.wav,识别成功
2025-11-25 15:25:30,True,<|en|>じ,temp_vad_recording_1764055530.wav,识别成功
2025-11-25 15:25:31,True,不需要去,temp_vad_recording_1764055530.wav,识别成功
2025-11-25 15:25:32,True,<|yue|>我以就系,temp_vad_recording_1764055532.wav,识别成功
2025-11-25 15:25:36,True,所以说说我的建议是,temp_vad_recording_1764055536.wav,识别成功
2025-11-25 15:25:37,True,<|ja|>あ,temp_vad_recording_1764055537.wav,识别成功
2025-11-25 15:25:39,True,我需要知道这个项率,temp_vad_recording_1764055539.wav,识别成功
2025-11-25 15:25:40,True,我的建议是,temp_vad_recording_1764055540.wav,识别成功
2025-11-25 15:25:44,True,一波那个叫质量,temp_vad_recording_1764055543.wav,识别成功
2025-11-25 15:25:47,True,去小品的那个二,temp_vad_recording_1764055547.wav,识别成功
2025-11-25 15:25:52,True,一个人确身出,temp_vad_recording_1764055551.wav,识别成功
2025-11-25 15:25:52,True,这是,temp_vad_recording_1764055552.wav,识别成功
2025-11-25 15:25:55,True,困ナ我们再开这个会,temp_vad_recording_1764055555.wav,识别成功
2025-11-25 15:25:56,True,<|en|>y,temp_vad_recording_1764055556.wav,识别成功
2025-11-25 15:25:58,True,否则话我们就现在就,temp_vad_recording_1764055558.wav,识别成功
2025-11-25 15:26:00,True,<|yue|>对,temp_vad_recording_1764055560.wav,识别成功
2025-11-25 15:26:01,True,让我去测我也不知道怎么算,temp_vad_recording_1764055561.wav,识别成功
2025-11-25 15:26:03,True,啊所以我觉得这个贵我,temp_vad_recording_1764055563.wav,识别成功
2025-11-25 15:26:06,True,<|yue|>点上比较都,temp_vad_recording_1764055565.wav,识别成功
2025-11-25 15:26:07,True,<|en|> you got,temp_vad_recording_1764055567.wav,识别成功
2025-11-25 15:29:21,True,现在不行弄这种呀,temp_vad_recording_1764055761.wav,识别成功
2025-11-25 15:29:24,True,嗯,temp_vad_recording_1764055764.wav,识别成功
2025-11-25 15:29:29,True,<|en|>s was moment,temp_vad_recording_1764055769.wav,识别成功
2025-11-25 15:29:41,True,刘宇呢说你个贵是吧,temp_vad_recording_1764055781.wav,识别成功
2025-11-25 15:29:44,True,你说一下,temp_vad_recording_1764055784.wav,识别成功
2025-11-25 15:29:46,True,这个为的目的,temp_vad_recording_1764055785.wav,识别成功
2025-11-25 15:30:02,True,<|en|>め,temp_vad_recording_1764055801.wav,识别成功
2025-11-25 15:30:03,True,<|en|>fsh,temp_vad_recording_1764055803.wav,识别成功
2025-11-25 15:30:04,True,<|ja|>めじる工しが,temp_vad_recording_1764055804.wav,识别成功
2025-11-25 15:30:06,True,但是跟其他事是一样的,temp_vad_recording_1764055806.wav,识别成功
2025-11-25 15:30:10,True,这样吧不认识这个,temp_vad_recording_1764055810.wav,识别成功
2025-11-25 15:30:11,True,你带着个问题,temp_vad_recording_1764055811.wav,识别成功
2025-11-25 15:30:12,True,<|ja|>you,temp_vad_recording_1764055812.wav,识别成功
2025-11-25 15:30:13,True,再回来再,temp_vad_recording_1764055813.wav,识别成功
2025-11-25 15:30:16,True,我觉得人很重要,temp_vad_recording_1764055816.wav,识别成功
2025-11-25 15:30:19,True,所以说,temp_vad_recording_1764055819.wav,识别成功
2025-11-25 15:30:25,True,对会深活一点然后去现场去看一下,temp_vad_recording_1764055825.wav,识别成功
2025-11-25 15:30:27,True,然后你顺便问一下,temp_vad_recording_1764055827.wav,识别成功
2025-11-25 15:30:28,True,结合坚桥,temp_vad_recording_1764055828.wav,识别成功
2025-11-25 15:30:30,True,然后呢你觉得,temp_vad_recording_1764055829.wav,识别成功
2025-11-25 15:30:30,True,<|ja|>来,temp_vad_recording_1764055830.wav,识别成功
2025-11-25 15:30:31,True,<|ja|>一っち,temp_vad_recording_1764055831.wav,识别成功
2025-11-25 15:30:32,True,<|ja|>十中めまやめす,temp_vad_recording_1764055832.wav,识别成功
2025-11-25 15:35:32,True,<|en|>好的,temp_vad_recording_1764056132.wav,识别成功
2025-11-25 15:37:15,True,对对对,temp_vad_recording_1764056234.wav,识别成功
2025-11-25 15:37:15,True,嗯,temp_vad_recording_1764056235.wav,识别成功
2025-11-25 15:39:27,True,<|en|>yes,temp_vad_recording_1764056366.wav,识别成功
2025-11-25 15:39:49,True,喂,temp_vad_recording_1764056388.wav,识别成功
2025-11-25 15:39:50,True,喂,temp_vad_recording_1764056389.wav,识别成功
2025-11-25 15:46:38,True,嗨 h v 时间,temp_vad_recording_1764056798.wav,识别成功
2025-11-25 15:47:04,True,<|en|>能,temp_vad_recording_1764056824.wav,识别成功
2025-11-25 15:47:10,True,名字 hi a g飞,temp_vad_recording_1764056830.wav,识别成功
2025-11-25 15:47:39,True,车辆完成率 high a g v 是多少,temp_vad_recording_1764056859.wav,识别成功
2025-11-25 15:47:50,True,我感觉乡里其实说,temp_vad_recording_1764056870.wav,识别成功
2025-11-25 15:47:53,True,本来我之前晚不,temp_vad_recording_1764056872.wav,识别成功
2025-11-25 15:47:54,True,有没有需要让他关注的,temp_vad_recording_1764056873.wav,识别成功
2025-11-25 15:48:36,True,可可,temp_vad_recording_1764056915.wav,识别成功
2025-11-25 15:50:10,True,派 a g v 车辆人物是多少,temp_vad_recording_1764057010.wav,识别成功
2025-11-25 15:50:40,True,<|en|> whatever,temp_vad_recording_1764057039.wav,识别成功
2025-11-25 15:50:45,True,快 agv 车辆完成率是多少,temp_vad_recording_1764057045.wav,识别成功
2025-11-25 15:53:04,True,知道通道,temp_vad_recording_1764057184.wav,识别成功
2025-11-25 15:53:05,True,<|yue|>唔关,temp_vad_recording_1764057185.wav,识别成功
2025-11-25 15:53:10,True,<|ja|>こ道,temp_vad_recording_1764057190.wav,识别成功
2025-11-25 15:53:17,True,有了上,temp_vad_recording_1764057197.wav,识别成功
2025-11-25 15:53:22,True,<|en|>y,temp_vad_recording_1764057202.wav,识别成功
2025-11-25 15:54:13,True,都得区别的方,temp_vad_recording_1764057252.wav,识别成功
2025-11-25 15:54:20,True,不干一个 question,temp_vad_recording_1764057260.wav,识别成功
2025-11-25 15:55:13,True,<|en|>go like,temp_vad_recording_1764057313.wav,识别成功
2025-11-25 15:55:15,True,关,temp_vad_recording_1764057315.wav,识别成功
2025-11-25 15:55:17,True,你不能,temp_vad_recording_1764057317.wav,识别成功
2025-11-25 15:55:25,True,<|en|>so do,temp_vad_recording_1764057325.wav,识别成功
2025-11-25 15:55:28,True,所以我们从,temp_vad_recording_1764057328.wav,识别成功
2025-11-25 15:55:30,True,<|en|>返しま,temp_vad_recording_1764057330.wav,识别成功
2025-11-25 15:55:32,True,维东现在,temp_vad_recording_1764057331.wav,识别成功
2025-11-25 15:55:36,True,<|ja|>いろたと,temp_vad_recording_1764057335.wav,识别成功
2025-11-25 15:55:37,True,针对这个问题,temp_vad_recording_1764057337.wav,识别成功
2025-11-25 15:55:52,True,你在把这,temp_vad_recording_1764057352.wav,识别成功
2025-11-25 15:56:07,True,the对,temp_vad_recording_1764057367.wav,识别成功
2025-11-25 15:56:20,True,<|en|>,temp_vad_recording_1764057379.wav,识别成功
2025-11-25 15:56:28,True,我业的,temp_vad_recording_1764057387.wav,识别成功
2025-11-25 15:56:29,True,没有,temp_vad_recording_1764057389.wav,识别成功
2025-11-25 15:56:35,True,过中肯定跟小郭这,temp_vad_recording_1764057395.wav,识别成功
2025-11-25 15:56:43,True,<|yue|>都,temp_vad_recording_1764057403.wav,识别成功
2025-11-25 15:56:47,True,找不到,temp_vad_recording_1764057407.wav,识别成功
2025-11-25 15:56:51,True,他店他把对面给,temp_vad_recording_1764057410.wav,识别成功
2025-11-25 15:56:52,True,<|ja|>我レみで,temp_vad_recording_1764057412.wav,识别成功
2025-11-25 15:56:55,True,现在为什么搞觉,temp_vad_recording_1764057415.wav,识别成功
2025-11-25 15:56:59,True,<|ja|>夜のくなと,temp_vad_recording_1764057419.wav,识别成功
2025-11-25 15:57:00,True,<|ja|>し,temp_vad_recording_1764057420.wav,识别成功
2025-11-25 15:57:07,True,<|ja|>きげなんか,temp_vad_recording_1764057427.wav,识别成功
2025-11-25 15:57:13,True,<|ja|>ちま,temp_vad_recording_1764057433.wav,识别成功
2025-11-25 15:57:17,True,他上人楼下我们就往前走吧,temp_vad_recording_1764057437.wav,识别成功
2025-11-25 15:57:21,True,你变路走,temp_vad_recording_1764057441.wav,识别成功
2025-11-25 15:57:22,True,因搞这边应该在后部やな,temp_vad_recording_1764057442.wav,识别成功
2025-11-25 15:57:25,True,<|ja|>,temp_vad_recording_1764057445.wav,识别成功
2025-11-25 15:57:26,True,<|yue|>放一个,temp_vad_recording_1764057446.wav,识别成功
2025-11-25 15:57:28,True,但刚好练,temp_vad_recording_1764057448.wav,识别成功
2025-11-25 15:57:30,True,<|ja|>環業やで,temp_vad_recording_1764057450.wav,识别成功
2025-11-25 15:57:39,True,都出一年多的错了,temp_vad_recording_1764057459.wav,识别成功
2025-11-25 15:57:57,True,就是说,temp_vad_recording_1764057477.wav,识别成功
2025-11-25 15:57:58,True,<|en|>you know,temp_vad_recording_1764057478.wav,识别成功
2025-11-25 15:58:02,True,<|ja|>え数だ,temp_vad_recording_1764057482.wav,识别成功
2025-11-25 15:58:10,True,<|yue|>多会,temp_vad_recording_1764057490.wav,识别成功
2025-11-25 15:58:14,True, know我,temp_vad_recording_1764057494.wav,识别成功
2025-11-25 15:58:20,True,第二周可能会,temp_vad_recording_1764057500.wav,识别成功
2025-11-25 15:58:22,True,是不都要做,temp_vad_recording_1764057502.wav,识别成功
2025-11-25 15:58:24,True,<|ja|>と海,temp_vad_recording_1764057504.wav,识别成功
2025-11-25 15:58:28,True,之所以让你,temp_vad_recording_1764057508.wav,识别成功
2025-11-25 15:58:34,True,<|ja|>笑顔我,temp_vad_recording_1764057514.wav,识别成功
2025-11-25 15:58:36,True,看一遍整理都过一遍,temp_vad_recording_1764057515.wav,识别成功
2025-11-25 15:58:52,True,然后,temp_vad_recording_1764057531.wav,识别成功
2025-11-25 16:15:21,True,<|en|>go,temp_vad_recording_1764058521.wav,识别成功
2025-11-25 16:15:25,True,<|en|>s,temp_vad_recording_1764058525.wav,识别成功
2025-11-25 16:15:31,True,他刚才什么时制作来,temp_vad_recording_1764058531.wav,识别成功
2025-11-25 16:25:07,True,就现在是让,temp_vad_recording_1764059107.wav,识别成功
2025-11-25 16:25:10,True,原发那边需要有,temp_vad_recording_1764059110.wav,识别成功
2025-11-25 16:25:45,True,那也就是,temp_vad_recording_1764059145.wav,识别成功
2025-11-25 16:26:01,True,<|ja|>今こ,temp_vad_recording_1764059161.wav,识别成功
2025-11-25 16:26:02,True,我要,temp_vad_recording_1764059161.wav,识别成功
2025-11-25 16:26:47,True,没有那个,temp_vad_recording_1764059207.wav,识别成功
2025-11-25 16:26:50,True,呃 right那么说那不对,temp_vad_recording_1764059209.wav,识别成功
2025-11-25 16:26:50,True,<|ja|>よお願いします,temp_vad_recording_1764059210.wav,识别成功
2025-11-25 16:26:57,True,<|ja|>先,temp_vad_recording_1764059217.wav,识别成功
2025-11-25 16:27:18,True,<|ja|>呢个,temp_vad_recording_1764059238.wav,识别成功
2025-11-25 16:30:25,True,ち用さ,temp_vad_recording_1764059425.wav,识别成功
2025-11-25 16:35:05,True,明白了,temp_vad_recording_1764059705.wav,识别成功
2025-11-25 16:35:07,True,<|en|>that's,temp_vad_recording_1764059706.wav,识别成功
2025-11-25 16:35:13,True,ah,temp_vad_recording_1764059712.wav,识别成功
2025-11-25 16:40:52,True,我刚工程来个,temp_vad_recording_1764060052.wav,识别成功
2025-11-25 16:41:49,True,然后这个点要不我我给大家,temp_vad_recording_1764060108.wav,识别成功
2025-11-25 16:42:25,True,<|en|>ah非要这,temp_vad_recording_1764060145.wav,识别成功
2025-11-25 16:42:36,True,<|yue|>嗯嗯,temp_vad_recording_1764060156.wav,识别成功
2025-11-25 16:43:17,True,<|ja|>おつえる,temp_vad_recording_1764060197.wav,识别成功
2025-11-25 16:43:31,True,没必要,temp_vad_recording_1764060211.wav,识别成功
2025-11-25 16:43:42,True,的业务的,temp_vad_recording_1764060222.wav,识别成功
2025-11-25 16:43:46,True,然后我这边就简单,temp_vad_recording_1764060226.wav,识别成功
2025-11-25 16:43:51,True,呃第一个呢就是,temp_vad_recording_1764060231.wav,识别成功
2025-11-25 16:43:53,True,<|ja|>一ちはも,temp_vad_recording_1764060233.wav,识别成功
2025-11-25 16:43:57,True,拥堵不拥堵,temp_vad_recording_1764060237.wav,识别成功
2025-11-25 16:44:05,True,且英损,temp_vad_recording_1764060245.wav,识别成功
2025-11-25 16:44:13,True,你就是,temp_vad_recording_1764060253.wav,识别成功
2025-11-25 16:44:30,True,然后还有,temp_vad_recording_1764060269.wav,识别成功
2025-11-25 16:44:44,True,他怎么理解呢,temp_vad_recording_1764060284.wav,识别成功
2025-11-25 16:44:48,True,<|ja|>全兵,temp_vad_recording_1764060288.wav,识别成功
2025-11-25 16:45:40,True,<|ja|>,temp_vad_recording_1764060340.wav,识别成功
2025-11-25 16:46:40,True,然后还有一些,temp_vad_recording_1764060400.wav,识别成功
2025-11-25 16:48:05,True,<|en|>ok,temp_vad_recording_1764060484.wav,识别成功
2025-11-25 16:50:05,True,这个交汇线有哪些,temp_vad_recording_1764060605.wav,识别成功
2025-11-25 16:50:12,True,六到一年了吗,temp_vad_recording_1764060612.wav,识别成功
2025-11-25 16:50:44,True,<|yue|>嗯,temp_vad_recording_1764060643.wav,识别成功
2025-11-25 16:50:51,True,<|en|>where,temp_vad_recording_1764060651.wav,识别成功
2025-11-25 16:51:35,True,那主要是在平面上有,temp_vad_recording_1764060694.wav,识别成功
2025-11-25 16:53:11,True,这个我们俩,temp_vad_recording_1764060791.wav,识别成功
2025-11-25 16:53:14,True,我功能上可,temp_vad_recording_1764060794.wav,识别成功
2025-11-25 16:53:26,True,<|en|><|HAPPY|>嗯,temp_vad_recording_1764060806.wav,识别成功
2025-11-25 16:53:34,True,<|ja|>あ你,temp_vad_recording_1764060814.wav,识别成功
2025-11-25 16:55:20,True,<|en|> sorry you for that,temp_vad_recording_1764060920.wav,识别成功
2025-11-25 16:57:40,True,<|en|><|Cough|>嗯,temp_vad_recording_1764061060.wav,识别成功
2025-11-25 17:00:47,True,<|en|>yah,temp_vad_recording_1764061247.wav,识别成功
2025-11-25 17:00:54,False,,temp_vad_recording_1764061254.wav,未识别到有效文本
2025-11-25 17:01:03,True,嗯,temp_vad_recording_1764061263.wav,识别成功
2025-11-25 17:01:04,True,<|en|>oh,temp_vad_recording_1764061264.wav,识别成功
2025-11-25 17:04:17,True,<|ja|>こてないす,temp_vad_recording_1764061457.wav,识别成功
2025-11-25 17:04:23,True,<|ja|>調でな,temp_vad_recording_1764061463.wav,识别成功
2025-11-25 17:06:19,True,<|en|>yah'sele,temp_vad_recording_1764061579.wav,识别成功
2025-11-25 17:06:43,True,之间六月八十我再帮你,temp_vad_recording_1764061603.wav,识别成功
2025-11-25 17:06:57,True,将来は,temp_vad_recording_1764061617.wav,识别成功
2025-11-25 17:07:12,True,<|en|>s,temp_vad_recording_1764061631.wav,识别成功
2025-11-25 17:08:25,True,<|en|>嗯,temp_vad_recording_1764061705.wav,识别成功
2025-11-25 17:12:55,True,<|en|>o,temp_vad_recording_1764061975.wav,识别成功
2025-11-25 17:14:31,True,<|ja|>十分,temp_vad_recording_1764062071.wav,识别成功
2025-11-25 17:14:36,True,<|ja|>俺みあして,temp_vad_recording_1764062076.wav,识别成功
2025-11-25 17:14:40,True,那要不你共享吧,temp_vad_recording_1764062079.wav,识别成功
2025-11-25 17:15:18,True,你投屏一下,temp_vad_recording_1764062117.wav,识别成功
2025-11-25 17:16:53,True,看下这,temp_vad_recording_1764062213.wav,识别成功
2025-11-25 17:17:16,True,<|en|><|Cough|>嗯,temp_vad_recording_1764062236.wav,识别成功
2025-11-25 17:17:49,True,周天,temp_vad_recording_1764062269.wav,识别成功
2025-11-25 17:17:50,True,<|en|>you with,temp_vad_recording_1764062270.wav,识别成功
2025-11-25 17:17:51,True,<|ja|>のメディ,temp_vad_recording_1764062271.wav,识别成功
2025-11-25 17:17:54,True,<|en|>go the,temp_vad_recording_1764062273.wav,识别成功
2025-11-25 17:17:56,True,<|en|> wrong,temp_vad_recording_1764062276.wav,识别成功
2025-11-25 17:18:08,True,听点,temp_vad_recording_1764062288.wav,识别成功
2025-11-25 17:18:10,True,<|ja|>ま,temp_vad_recording_1764062290.wav,识别成功
2025-11-25 17:18:14,True,那个没有别的东,temp_vad_recording_1764062294.wav,识别成功
2025-11-25 17:18:27,True,<|en|>我我 try这,temp_vad_recording_1764062307.wav,识别成功
2025-11-25 17:18:35,True,在我这,temp_vad_recording_1764062315.wav,识别成功
2025-11-25 17:18:39,True,<|en|>how you,temp_vad_recording_1764062319.wav,识别成功
2025-11-25 17:18:44,True,<|en|>然 club,temp_vad_recording_1764062323.wav,识别成功
2025-11-25 17:18:44,True,<|en|>those guys,temp_vad_recording_1764062324.wav,识别成功
2025-11-25 17:19:19,True,百光ner,temp_vad_recording_1764062358.wav,识别成功
2025-11-25 17:19:42,True,<|en|>我个周天点,temp_vad_recording_1764062382.wav,识别成功
2025-11-25 17:19:51,True,<|en|>ok okay okay,temp_vad_recording_1764062391.wav,识别成功
2025-11-25 17:19:52,True,<|ja|>ちざす,temp_vad_recording_1764062391.wav,识别成功
2025-11-25 17:19:52,True,<|yue|>好吧,temp_vad_recording_1764062392.wav,识别成功
2025-11-25 17:19:57,True,我靠你们,temp_vad_recording_1764062396.wav,识别成功
2025-11-25 17:20:04,True,哪上,temp_vad_recording_1764062403.wav,识别成功
2025-11-25 17:20:05,True,<|en|>そう,temp_vad_recording_1764062405.wav,识别成功
2025-11-25 17:20:39,True,就是我就是看在是如果我,temp_vad_recording_1764062439.wav,识别成功
2025-11-25 17:20:42,True,这又,temp_vad_recording_1764062442.wav,识别成功
2025-11-25 17:20:46,True,当时就关了,temp_vad_recording_1764062446.wav,识别成功
2025-11-25 17:20:50,True,<|ja|>ああ,temp_vad_recording_1764062450.wav,识别成功
2025-11-25 17:20:55,True,嗯对,temp_vad_recording_1764062455.wav,识别成功
2025-11-25 17:21:01,True,<|yue|>如果刚才,temp_vad_recording_1764062461.wav,识别成功
2025-11-25 17:22:01,True,<|ja|>あのち,temp_vad_recording_1764062521.wav,识别成功
2025-11-25 17:22:07,True,<|en|>嗯,temp_vad_recording_1764062526.wav,识别成功
2025-11-25 17:23:37,True,<|en|>oh,temp_vad_recording_1764062617.wav,识别成功
2025-11-25 17:24:53,True,就最多吧,temp_vad_recording_1764062693.wav,识别成功
2025-11-25 17:25:09,True,最多嘛,temp_vad_recording_1764062709.wav,识别成功
2025-11-25 17:25:20,True,那刚才你说的那个问题,temp_vad_recording_1764062719.wav,识别成功
2025-11-25 17:25:35,True,<|en|>ok,temp_vad_recording_1764062735.wav,识别成功
2025-11-25 17:25:42,True,进来就一个吗,temp_vad_recording_1764062742.wav,识别成功
2025-11-25 17:25:50,True,嗯,temp_vad_recording_1764062750.wav,识别成功
2025-11-25 17:28:31,True,<|en|>o,temp_vad_recording_1764062911.wav,识别成功
2025-11-25 17:29:14,True,<|yue|>关,temp_vad_recording_1764062954.wav,识别成功
2025-11-25 17:30:55,True,<|en|>oh,temp_vad_recording_1764063055.wav,识别成功
2025-11-25 17:38:29,True,<|en|>嗯,temp_vad_recording_1764063509.wav,识别成功
2025-11-25 17:40:45,True,对,temp_vad_recording_1764063645.wav,识别成功
2025-11-25 17:48:09,True,<|en|>因,temp_vad_recording_1764064089.wav,识别成功
2025-11-25 17:49:09,True,<|ja|>う,temp_vad_recording_1764064149.wav,识别成功
2025-11-25 17:50:12,False,,temp_vad_recording_1764064212.wav,未识别到有效文本
2025-11-25 17:55:12,True,<|ja|>それで,temp_vad_recording_1764064512.wav,识别成功
2025-11-25 17:56:29,True,<|en|>do,temp_vad_recording_1764064588.wav,识别成功
2025-11-25 17:56:37,True,我们 written完了之后就,temp_vad_recording_1764064597.wav,识别成功
2025-11-25 17:57:01,True,你走完的时候,temp_vad_recording_1764064621.wav,识别成功
2025-11-25 17:57:04,True,前面的,temp_vad_recording_1764064624.wav,识别成功
2025-11-25 17:57:27,True,no估,temp_vad_recording_1764064647.wav,识别成功
2025-11-25 17:58:02,True,咱这个,temp_vad_recording_1764064682.wav,识别成功
2025-11-25 18:18:53,True,<|ja|>不,temp_vad_recording_1764065933.wav,识别成功
2025-11-25 18:26:04,True,<|en|>sure,temp_vad_recording_1764066364.wav,识别成功
2025-11-25 18:39:05,True,对啊,temp_vad_recording_1764067145.wav,识别成功
2025-11-25 18:39:12,True,<|en|>loading every,temp_vad_recording_1764067152.wav,识别成功
2025-11-25 18:40:14,True,<|ja|>これと我说もさ人やの,temp_vad_recording_1764067214.wav,识别成功
2025-11-25 18:40:33,True,他要我们,temp_vad_recording_1764067233.wav,识别成功
2025-11-25 18:42:35,True,<|ja|>まし,temp_vad_recording_1764067354.wav,识别成功
2025-11-25 19:21:10,True,那个,temp_vad_recording_1764069670.wav,识别成功
2025-11-25 19:21:12,True,<|en|>um系了,temp_vad_recording_1764069672.wav,识别成功
2025-11-25 19:21:18,True,弄到家里面去测试这样的话那个消品,temp_vad_recording_1764069678.wav,识别成功
2025-11-25 19:21:59,True,<|yue|>两法,temp_vad_recording_1764069719.wav,识别成功
2025-11-25 19:22:40,True,<|ja|>tラ,temp_vad_recording_1764069760.wav,识别成功
2025-11-25 19:22:44,True,然后,temp_vad_recording_1764069764.wav,识别成功
2025-11-25 19:23:15,True,<|ja|>呃,temp_vad_recording_1764069794.wav,识别成功
2025-11-25 19:23:19,True,这个其实主要是说收集现场的问题,temp_vad_recording_1764069798.wav,识别成功
2025-11-25 19:23:22,True,<|en|>about,temp_vad_recording_1764069802.wav,识别成功
2025-11-25 19:27:02,True,<|ja|>そが,temp_vad_recording_1764070021.wav,识别成功
2025-11-25 19:27:45,True,<|yue|>然后,temp_vad_recording_1764070065.wav,识别成功
2025-11-25 19:30:42,True,<|ja|>ちわ,temp_vad_recording_1764070242.wav,识别成功
2025-11-25 19:30:44,True,然后刘老,temp_vad_recording_1764070243.wav,识别成功
2025-11-25 19:31:44,True,<|ja|>あ系在,temp_vad_recording_1764070304.wav,识别成功
2025-11-25 19:34:18,True,用啊我,temp_vad_recording_1764070458.wav,识别成功
2025-11-25 19:34:20,True,你在群里说吧,temp_vad_recording_1764070460.wav,识别成功
2025-11-25 19:40:52,True,<|yue|>啊即我系,temp_vad_recording_1764070851.wav,识别成功
2025-11-25 19:40:58,True,秋春,temp_vad_recording_1764070858.wav,识别成功
2025-11-25 19:41:05,True,<|ja|>つれで,temp_vad_recording_1764070864.wav,识别成功
2025-11-25 19:41:10,True,<|ja|>はいそう,temp_vad_recording_1764070869.wav,识别成功
2025-11-25 19:41:13,True,这种状态,temp_vad_recording_1764070873.wav,识别成功
2025-11-25 19:41:18,True,<|ja|>全呢,temp_vad_recording_1764070878.wav,识别成功
2025-11-25 19:41:58,True,<|yue|>系太攞啊,temp_vad_recording_1764070918.wav,识别成功
2025-11-25 19:42:02,True,你当时做的不是,temp_vad_recording_1764070922.wav,识别成功
2025-11-25 19:42:09,True,结果自我打开,temp_vad_recording_1764070929.wav,识别成功
2025-11-25 19:42:50,True,<|ja|>は気ました,temp_vad_recording_1764070970.wav,识别成功
2025-11-25 19:43:34,True,你把张斌的,temp_vad_recording_1764071014.wav,识别成功
2025-11-25 19:44:21,True,是啊,temp_vad_recording_1764071061.wav,识别成功
2025-11-25 19:44:23,True,在鱼块里边,temp_vad_recording_1764071062.wav,识别成功
2025-11-25 19:44:27,True,<|ja|>なんかなか,temp_vad_recording_1764071067.wav,识别成功
2025-11-25 19:44:31,True,<|ja|>no,temp_vad_recording_1764071071.wav,识别成功
2025-11-25 20:10:52,True,你先让束,temp_vad_recording_1764072652.wav,识别成功
2025-11-25 20:10:56,True,<|ja|>どこ,temp_vad_recording_1764072656.wav,识别成功
2025-11-25 20:11:07,True,跟他讲就是在那个,temp_vad_recording_1764072666.wav,识别成功
2025-11-25 20:11:08,True,<|ja|>温当ほの中,temp_vad_recording_1764072668.wav,识别成功
2025-11-25 20:11:22,True,示的话是会把,temp_vad_recording_1764072682.wav,识别成功
2025-11-25 20:26:21,True,没有这个东西,temp_vad_recording_1764073581.wav,识别成功
2025-11-25 20:27:07,True,<|yue|>最应该,temp_vad_recording_1764073626.wav,识别成功
2025-11-25 20:29:13,True,<|ja|>この商目は,temp_vad_recording_1764073753.wav,识别成功
2025-11-25 20:31:47,True,<|ja|>ラジ,temp_vad_recording_1764073907.wav,识别成功
2025-11-25 20:32:15,True,哎你这个叫没用,temp_vad_recording_1764073935.wav,识别成功
2025-11-25 20:32:17,True,<|yue|>跟我,temp_vad_recording_1764073937.wav,识别成功
2025-11-25 20:32:21,True,他晚上还来,temp_vad_recording_1764073940.wav,识别成功
2025-11-25 20:32:23,True,<|yue|>身边はな,temp_vad_recording_1764073943.wav,识别成功
2025-11-25 20:32:31,True,<|yue|>希个个,temp_vad_recording_1764073951.wav,识别成功
2025-11-25 20:32:32,True,<|en|>lan talk,temp_vad_recording_1764073952.wav,识别成功
2025-11-25 20:36:50,True,<|en|>or you,temp_vad_recording_1764074210.wav,识别成功
2025-11-25 20:39:15,True,<|en|>wめ,temp_vad_recording_1764074354.wav,识别成功
2025-11-25 20:39:20,True,<|ANGRY|>是吧,temp_vad_recording_1764074359.wav,识别成功
2025-11-25 20:40:05,True,你的下属在加班,temp_vad_recording_1764074405.wav,识别成功
2025-11-25 20:40:06,True,<|en|>you,temp_vad_recording_1764074406.wav,识别成功
2025-11-25 20:40:08,True,<|yue|>你 how about watching,temp_vad_recording_1764074407.wav,识别成功
2025-11-25 20:40:40,True,<|en|>andah,temp_vad_recording_1764074440.wav,识别成功
2025-11-25 20:42:03,True,<|en|>well,temp_vad_recording_1764074522.wav,识别成功
2025-11-25 20:42:14,True,<|yue|>好啊,temp_vad_recording_1764074534.wav,识别成功
2025-11-25 20:42:22,True,<|yue|>华哥,temp_vad_recording_1764074542.wav,识别成功
2025-11-25 21:07:20,True,我聊解,temp_vad_recording_1764076040.wav,识别成功
2025-11-25 21:07:36,True,<|en|>height,temp_vad_recording_1764076056.wav,识别成功
2025-11-25 21:26:29,True,嗯,temp_vad_recording_1764077189.wav,识别成功
2025-11-25 21:48:02,True,<|en|>oh,temp_vad_recording_1764078482.wav,识别成功
2025-11-25 22:35:41,True,<|en|>yeah,temp_vad_recording_1764081340.wav,识别成功
2025-11-26 09:20:55,True,我做的十几年,temp_vad_recording_1764120055.wav,识别成功
2025-11-26 09:20:57,True,你不能说,temp_vad_recording_1764120057.wav,识别成功
2025-11-26 09:23:19,True,<|ja|>特别,temp_vad_recording_1764120199.wav,识别成功
2025-11-26 09:23:21,True,第二,temp_vad_recording_1764120201.wav,识别成功
2025-11-26 09:23:45,True,<|ja|>で,temp_vad_recording_1764120225.wav,识别成功
2025-11-26 09:24:28,True,<|ja|>ど,temp_vad_recording_1764120268.wav,识别成功
2025-11-26 09:24:34,True,我晚我等一下给你,temp_vad_recording_1764120273.wav,识别成功
2025-11-26 09:33:05,True,<|ja|>か,temp_vad_recording_1764120785.wav,识别成功
2025-11-26 09:34:59,True,<|Cough|>,temp_vad_recording_1764120899.wav,识别成功
2025-11-26 09:43:02,True,<|ja|>对,temp_vad_recording_1764121381.wav,识别成功
2025-11-26 09:43:03,True,比如说我,temp_vad_recording_1764121383.wav,识别成功
2025-11-26 09:43:52,True,<|en|><|Cough|>,temp_vad_recording_1764121432.wav,识别成功
2025-11-26 09:50:45,True,<|ja|>今後は,temp_vad_recording_1764121844.wav,识别成功
2025-11-26 09:52:30,True,<|en|>y,temp_vad_recording_1764121949.wav,识别成功
2025-11-26 09:54:27,True,<|en|>嗯,temp_vad_recording_1764122067.wav,识别成功
2025-11-26 09:56:01,True,<|en|>so,temp_vad_recording_1764122161.wav,识别成功
2025-11-26 10:01:27,True,<|ja|>う,temp_vad_recording_1764122487.wav,识别成功
2025-11-26 10:02:16,True,<|ja|>どや,temp_vad_recording_1764122536.wav,识别成功
2025-11-26 10:07:02,True,<|ja|>,temp_vad_recording_1764122821.wav,识别成功
2025-11-26 10:08:40,True,<|ja|>す对,temp_vad_recording_1764122920.wav,识别成功
2025-11-26 10:14:57,True,wo,temp_vad_recording_1764123297.wav,识别成功
2025-11-26 10:14:59,True,<|yue|>哎,temp_vad_recording_1764123299.wav,识别成功
2025-11-26 10:17:48,True,<|en|>,temp_vad_recording_1764123468.wav,识别成功
2025-11-26 10:21:15,True,<|en|>right,temp_vad_recording_1764123675.wav,识别成功
2025-11-26 10:26:51,True,<|ja|>ち,temp_vad_recording_1764124011.wav,识别成功
2025-11-26 10:28:18,True,这や,temp_vad_recording_1764124098.wav,识别成功
2025-11-26 10:28:35,True,物料,temp_vad_recording_1764124114.wav,识别成功
2025-11-26 10:29:09,True,<|ja|>あ那什么,temp_vad_recording_1764124149.wav,识别成功
2025-11-26 10:29:55,True,我不料,temp_vad_recording_1764124195.wav,识别成功
2025-11-26 10:30:09,True,我通话他说馈,temp_vad_recording_1764124209.wav,识别成功
2025-11-26 10:32:25,True,<|ja|>あそいだけで,temp_vad_recording_1764124345.wav,识别成功
2025-11-26 10:32:26,True,<|ja|>おは,temp_vad_recording_1764124346.wav,识别成功
2025-11-26 10:33:49,True,<|en|>是,temp_vad_recording_1764124429.wav,识别成功
2025-11-26 10:33:55,True,<|ja|>そちら,temp_vad_recording_1764124435.wav,识别成功
2025-11-26 10:38:36,True,<|ja|>,temp_vad_recording_1764124716.wav,识别成功
2025-11-26 10:39:02,True,<|ja|>やって,temp_vad_recording_1764124742.wav,识别成功
2025-11-26 10:40:41,True,<|ja|>ピデェイブで,temp_vad_recording_1764124840.wav,识别成功
2025-11-26 10:43:58,True,对于我的,temp_vad_recording_1764125038.wav,识别成功
2025-11-26 10:45:16,True,<|en|>ooh,temp_vad_recording_1764125116.wav,识别成功
2025-11-26 10:45:53,True,那就我那,temp_vad_recording_1764125153.wav,识别成功
2025-11-26 10:46:08,True,<|en|><|Cough|>嗯,temp_vad_recording_1764125168.wav,识别成功
2025-11-26 10:56:15,True,<|ja|>で帳あるよ,temp_vad_recording_1764125775.wav,识别成功
2025-11-26 10:56:50,True,<|en|>,temp_vad_recording_1764125809.wav,识别成功
2025-11-26 10:58:18,True,就只有当,temp_vad_recording_1764125898.wav,识别成功
2025-11-26 10:58:59,True,啊对对,temp_vad_recording_1764125939.wav,识别成功
2025-11-26 10:59:27,True,啊对,temp_vad_recording_1764125966.wav,识别成功
2025-11-26 10:59:53,True,the they会一,temp_vad_recording_1764125993.wav,识别成功
2025-11-26 11:00:40,True,说上面的后送,temp_vad_recording_1764126040.wav,识别成功
2025-11-26 11:00:47,True,另外一个角,temp_vad_recording_1764126046.wav,识别成功
2025-11-26 11:01:01,True,或者,temp_vad_recording_1764126061.wav,识别成功
2025-11-26 11:01:19,True,站在我的脚度,temp_vad_recording_1764126079.wav,识别成功
2025-11-26 11:01:35,True,当然你当然你也可以作为一个,temp_vad_recording_1764126095.wav,识别成功
2025-11-26 11:01:58,True,<|ja|>こにな,temp_vad_recording_1764126118.wav,识别成功
2025-11-26 11:02:15,True,对对对对这个才是,temp_vad_recording_1764126134.wav,识别成功
2025-11-26 11:02:59,True,能用,temp_vad_recording_1764126179.wav,识别成功
2025-11-26 11:04:36,True,一下我说,temp_vad_recording_1764126276.wav,识别成功
2025-11-26 11:04:55,True,<|en|>,temp_vad_recording_1764126294.wav,识别成功
2025-11-26 11:05:40,True,<|yue|>多咗,temp_vad_recording_1764126340.wav,识别成功
2025-11-26 11:05:57,True,然后我为什么,temp_vad_recording_1764126357.wav,识别成功
2025-11-26 11:06:32,True,<|en|>,temp_vad_recording_1764126392.wav,识别成功
2025-11-26 11:06:33,True,<|ja|>ですね,temp_vad_recording_1764126393.wav,识别成功
2025-11-26 11:07:04,True,<|en|>我,temp_vad_recording_1764126424.wav,识别成功
2025-11-26 11:07:14,True,没有遇到一些,temp_vad_recording_1764126434.wav,识别成功
2025-11-26 11:07:33,True,所这没记个,temp_vad_recording_1764126453.wav,识别成功
2025-11-26 11:07:40,True,这就是我们这,temp_vad_recording_1764126460.wav,识别成功
2025-11-26 11:07:46,True,<|ja|>ますす,temp_vad_recording_1764126466.wav,识别成功
2025-11-26 11:08:11,True,我知道你我打第二个,temp_vad_recording_1764126490.wav,识别成功
2025-11-26 11:09:47,True,<|ja|>だ,temp_vad_recording_1764126587.wav,识别成功
2025-11-26 11:09:54,True,<|yue|>我第二,temp_vad_recording_1764126593.wav,识别成功
2025-11-26 11:09:55,True,电话,temp_vad_recording_1764126595.wav,识别成功
2025-11-26 11:09:56,True,除了那,temp_vad_recording_1764126596.wav,识别成功
2025-11-26 11:09:58,True,订单,temp_vad_recording_1764126598.wav,识别成功
2025-11-26 11:10:03,True,国加的一个,temp_vad_recording_1764126603.wav,识别成功
2025-11-26 11:10:12,True,<|en|>umか,temp_vad_recording_1764126611.wav,识别成功
2025-11-26 11:10:17,True,<|yue|>明咩后果,temp_vad_recording_1764126617.wav,识别成功
2025-11-26 11:10:24,True,<|ja|> really理,temp_vad_recording_1764126624.wav,识别成功
2025-11-26 11:10:31,True,上个现在我们这个,temp_vad_recording_1764126631.wav,识别成功
2025-11-26 11:10:44,True,我是,temp_vad_recording_1764126644.wav,识别成功
2025-11-26 11:10:47,True,<|ja|>みたい,temp_vad_recording_1764126647.wav,识别成功
2025-11-26 11:10:49,True,<|ja|>情的た,temp_vad_recording_1764126649.wav,识别成功
2025-11-26 11:13:00,True,<|en|>yeah,temp_vad_recording_1764126780.wav,识别成功
2025-11-26 11:13:03,True,<|en|>こ,temp_vad_recording_1764126783.wav,识别成功
2025-11-26 11:13:17,True,<|ja|>の,temp_vad_recording_1764126797.wav,识别成功
2025-11-26 11:13:52,True,<|ja|>,temp_vad_recording_1764126832.wav,识别成功
2025-11-26 11:14:23,True,<|yue|>啊诶,temp_vad_recording_1764126863.wav,识别成功
2025-11-26 11:14:35,True,对我,temp_vad_recording_1764126874.wav,识别成功
2025-11-26 11:14:36,True,这是我们,temp_vad_recording_1764126876.wav,识别成功
2025-11-26 11:15:14,True,提供的一个,temp_vad_recording_1764126914.wav,识别成功
2025-11-26 11:16:19,True,<|en|> be,temp_vad_recording_1764126978.wav,识别成功
2025-11-26 11:16:53,True,<|ja|>私もみになんできは,temp_vad_recording_1764127013.wav,识别成功
2025-11-26 11:17:18,True,这就是里念问你论一个大逻辑的问题,temp_vad_recording_1764127038.wav,识别成功
2025-11-26 11:17:32,True,<|ja|>チンスよくださ,temp_vad_recording_1764127052.wav,识别成功
2025-11-26 11:17:49,True,<|yue|>好嗰个,temp_vad_recording_1764127069.wav,识别成功
2025-11-26 11:17:51,True,<|yue|>唔之我讲,temp_vad_recording_1764127071.wav,识别成功
2025-11-26 11:17:58,True,<|ja|>き没,temp_vad_recording_1764127078.wav,识别成功
2025-11-26 11:18:04,True,<|ja|>用方から,temp_vad_recording_1764127084.wav,识别成功
2025-11-26 11:18:33,True,<|en|>the话,temp_vad_recording_1764127113.wav,识别成功
2025-11-26 11:18:45,True,<|en|>对呀,temp_vad_recording_1764127125.wav,识别成功
2025-11-26 11:19:36,True,<|en|>oh,temp_vad_recording_1764127176.wav,识别成功
2025-11-26 11:19:47,True,<|ja|>那个,temp_vad_recording_1764127187.wav,识别成功
2025-11-26 11:21:57,True,这个东西,temp_vad_recording_1764127317.wav,识别成功
2025-11-26 11:22:04,True,<|ja|>営業ばいい,temp_vad_recording_1764127323.wav,识别成功
2025-11-26 11:22:52,True,<|en|>,temp_vad_recording_1764127371.wav,识别成功
2025-11-26 11:23:06,True,就没有扫,temp_vad_recording_1764127386.wav,识别成功
2025-11-26 11:23:49,True,过报了,temp_vad_recording_1764127428.wav,识别成功
2025-11-26 11:23:53,True,把那个我切了,temp_vad_recording_1764127432.wav,识别成功
2025-11-26 11:24:15,True,<|ja|>そま,temp_vad_recording_1764127455.wav,识别成功
2025-11-26 11:24:51,True,晚,temp_vad_recording_1764127491.wav,识别成功
2025-11-26 11:24:52,True,误差就是,temp_vad_recording_1764127492.wav,识别成功
2025-11-26 11:24:54,True,<|en|>bo,temp_vad_recording_1764127494.wav,识别成功
2025-11-26 11:25:00,True,那个,temp_vad_recording_1764127500.wav,识别成功
2025-11-26 11:25:07,True,察不录我过察宽,temp_vad_recording_1764127506.wav,识别成功
2025-11-26 11:25:12,True,是这样的话我才是想,temp_vad_recording_1764127512.wav,识别成功
2025-11-26 11:25:17,True,<|en|>,temp_vad_recording_1764127516.wav,识别成功
2025-11-26 11:26:30,True,这个大如果保,temp_vad_recording_1764127590.wav,识别成功
2025-11-26 11:27:23,True,<|ja|>そかま,temp_vad_recording_1764127642.wav,识别成功
2025-11-26 11:27:59,True,没注意啊,temp_vad_recording_1764127679.wav,识别成功
2025-11-26 11:28:28,True,<|en|>,temp_vad_recording_1764127708.wav,识别成功
2025-11-26 11:28:30,True,建做编号,temp_vad_recording_1764127710.wav,识别成功
2025-11-26 11:29:15,True,月二八就做吧,temp_vad_recording_1764127754.wav,识别成功
2025-11-26 11:30:45,True,这样子,temp_vad_recording_1764127844.wav,识别成功
2025-11-26 11:30:52,False,,temp_vad_recording_1764127852.wav,未识别到有效文本
2025-11-26 11:36:23,True,<|en|>yah,temp_vad_recording_1764128183.wav,识别成功
2025-11-26 11:37:19,True,<|en|>oh,temp_vad_recording_1764128239.wav,识别成功
2025-11-26 11:39:07,True,<|Cough|>,temp_vad_recording_1764128347.wav,识别成功
2025-11-26 11:44:44,True,你那边发多,temp_vad_recording_1764128684.wav,识别成功
2025-11-26 11:55:44,True,<|en|>buth,temp_vad_recording_1764129344.wav,识别成功
2025-11-26 11:57:10,True,对,temp_vad_recording_1764129430.wav,识别成功
2025-11-26 11:57:11,True,<|en|>嗯,temp_vad_recording_1764129430.wav,识别成功
2025-12-14 16:25:04,True,<|en|>oh,temp_vad_recording_1765700703.wav,识别成功
2025-12-14 16:30:02,True,语音服务已启动,temp_vad_recording_1765701002.wav,识别成功
2025-12-14 16:30:04,True,功能已开启,temp_vad_recording_1765701003.wav,识别成功
2025-12-14 16:30:10,True,主要是,temp_vad_recording_1765701010.wav,识别成功
2025-12-14 16:30:11,True,<|ja|>よ不我し,temp_vad_recording_1765701010.wav,识别成功
2025-12-14 16:30:13,True,现在应应该应该这样,temp_vad_recording_1765701012.wav,识别成功
2025-12-14 16:30:21,True,<|ANGRY|>不不不不应该万一这个时候你,temp_vad_recording_1765701020.wav,识别成功
2025-12-14 16:30:22,True,<|HAPPY|>在播放几点你出发呢对不对,temp_vad_recording_1765701022.wav,识别成功
2025-12-14 16:30:50,True,即停已触发,temp_vad_recording_1765701050.wav,识别成功
2025-12-14 16:30:51,True,集停以,temp_vad_recording_1765701051.wav,识别成功
2025-12-14 16:30:52,True,<|yue|>好花,temp_vad_recording_1765701052.wav,识别成功
2025-12-14 16:31:26,True,也我就说,temp_vad_recording_1765701086.wav,识别成功
2025-12-14 16:31:28,True,就先这样试试万一,temp_vad_recording_1765701088.wav,识别成功
2025-12-14 16:31:32,True,就是还是我我打这着是吧你没考虑到实际上他有这个功能也行,temp_vad_recording_1765701091.wav,识别成功
2025-12-14 16:33:07,True,<|ja|>は,temp_vad_recording_1765701186.wav,识别成功
2025-12-14 16:33:10,True,<|ja|>中央裏,temp_vad_recording_1765701190.wav,识别成功
2025-12-14 16:33:17,True,<|ja|>,temp_vad_recording_1765701197.wav,识别成功
2025-12-14 16:33:44,True,晓德小德,temp_vad_recording_1765701224.wav,识别成功
2025-12-14 16:33:53,True,<|en|>ar i agree,temp_vad_recording_1765701232.wav,识别成功
2025-12-14 16:34:03,True,<|en|>we,temp_vad_recording_1765701242.wav,识别成功
2025-12-14 16:34:05,True,小德小德,temp_vad_recording_1765701245.wav,识别成功
2025-12-14 16:34:10,True,到,temp_vad_recording_1765701250.wav,识别成功
2025-12-14 16:34:35,True,嗯,temp_vad_recording_1765701275.wav,识别成功
2025-12-14 16:34:42,True,需要,temp_vad_recording_1765701282.wav,识别成功
2025-12-14 16:34:44,True,<|yue|>我过呢个,temp_vad_recording_1765701284.wav,识别成功
2025-12-14 16:35:13,True,<|en|>do人,temp_vad_recording_1765701313.wav,识别成功
2025-12-14 16:35:24,True,<|ja|>いい曲も,temp_vad_recording_1765701324.wav,识别成功
2025-12-14 16:35:29,True,<|en|>go right,temp_vad_recording_1765701328.wav,识别成功
2025-12-14 16:35:36,True,<|ja|>それじゃ全部上かりないよら,temp_vad_recording_1765701336.wav,识别成功
2025-12-14 16:35:38,True,知道鼠标了,temp_vad_recording_1765701338.wav,识别成功
2025-12-14 16:35:42,True,<|ja|>そちは,temp_vad_recording_1765701342.wav,识别成功
2025-12-14 16:35:45,True,要不然应该他,temp_vad_recording_1765701345.wav,识别成功
2025-12-14 16:35:47,True,<|en|>,temp_vad_recording_1765701346.wav,识别成功
2025-12-14 16:35:52,True,<|en|>the,temp_vad_recording_1765701352.wav,识别成功
2025-12-14 16:35:53,True,<|yue|>,temp_vad_recording_1765701353.wav,识别成功
2025-12-14 16:37:01,True,我,temp_vad_recording_1765701421.wav,识别成功
2025-12-14 16:37:11,True,八,temp_vad_recording_1765701430.wav,识别成功
2025-12-14 16:37:27,True,就是还有,temp_vad_recording_1765701446.wav,识别成功
2025-12-14 16:37:29,True,有那个盖那个照片的时候他能播放这个,temp_vad_recording_1765701449.wav,识别成功
2025-12-14 16:37:33,True,他这个现在就会出现这种情况那你 get 的时候如果说已经,temp_vad_recording_1765701452.wav,识别成功
2025-12-14 16:37:35,True,他在持续播放监你出发那么就,temp_vad_recording_1765701454.wav,识别成功
2025-12-14 16:37:35,True,没有办法,temp_vad_recording_1765701455.wav,识别成功
2025-12-14 16:37:38,True,因为本质上是他是对列,temp_vad_recording_1765701458.wav,识别成功
2025-12-14 16:37:40,True,播放文州分,temp_vad_recording_1765701460.wav,识别成功
2025-12-14 16:37:41,True,所以说,temp_vad_recording_1765701461.wav,识别成功
2025-12-14 16:37:45,True,就还是我说的就是你也给他做成一个不需要提醒的,temp_vad_recording_1765701465.wav,识别成功
2025-12-14 16:37:46,True,你进入对换模式,temp_vad_recording_1765701466.wav,识别成功
2025-12-14 16:37:48,True,相当于说你只要 get 之后你就对成这样对,temp_vad_recording_1765701468.wav,识别成功
2025-12-14 16:37:50,True,然后再退出退啊,temp_vad_recording_1765701470.wav,识别成功
2025-12-14 16:37:51,True,立刻退出不放,temp_vad_recording_1765701471.wav,识别成功
2025-12-14 16:37:53,True,你这样说,temp_vad_recording_1765701472.wav,识别成功
2025-12-14 16:37:58,True,这样的话就可以就本来就有怎么怎么设计它就有这种,temp_vad_recording_1765701477.wav,识别成功
2025-12-14 16:37:59,True,我一开始意思也就是这个,temp_vad_recording_1765701479.wav,识别成功
2025-12-14 16:38:02,True,你盖子的时候你让他,temp_vad_recording_1765701481.wav,识别成功
2025-12-14 16:38:03,True,<|ja|>ら,temp_vad_recording_1765701483.wav,识别成功
2025-12-14 16:38:07,True,不过也行直接 clean 对,temp_vad_recording_1765701487.wav,识别成功
2025-12-14 16:38:10,True,直接可可也行对,temp_vad_recording_1765701489.wav,识别成功
2025-12-14 16:38:16,True,<|ja|>なか,temp_vad_recording_1765701496.wav,识别成功
2025-12-14 16:39:48,True,<|en|>yah,temp_vad_recording_1765701587.wav,识别成功
2025-12-14 16:40:44,True,<|ja|>这,temp_vad_recording_1765701644.wav,识别成功
2025-12-14 16:41:02,True,<|ja|>あが,temp_vad_recording_1765701661.wav,识别成功
2025-12-14 16:41:12,True,这这个是你的吧对哎,temp_vad_recording_1765701672.wav,识别成功
2025-12-14 16:41:19,True,<|yue|>八爸,temp_vad_recording_1765701679.wav,识别成功
2025-12-14 16:41:34,True,八,temp_vad_recording_1765701694.wav,识别成功
2025-12-14 16:41:35,True,包八,temp_vad_recording_1765701694.wav,识别成功
2025-12-14 16:41:36,True,八,temp_vad_recording_1765701696.wav,识别成功
2025-12-14 16:41:37,True,ち面,temp_vad_recording_1765701697.wav,识别成功
2025-12-14 16:41:38,True,<|en|>so the,temp_vad_recording_1765701698.wav,识别成功
2025-12-14 16:41:45,True,<|ja|>这のは,temp_vad_recording_1765701705.wav,识别成功
2025-12-14 16:41:56,True,<|en|>,temp_vad_recording_1765701716.wav,识别成功
2025-12-14 16:42:21,True,<|en|>go,temp_vad_recording_1765701740.wav,识别成功
2025-12-14 16:42:25,True,这个你天把这个,temp_vad_recording_1765701745.wav,识别成功
2025-12-14 16:42:32,True,就有,temp_vad_recording_1765701752.wav,识别成功
2025-12-14 16:42:33,True,<|ja|> youら,temp_vad_recording_1765701753.wav,识别成功
2025-12-14 16:42:59,True,<|ja|>おばり,temp_vad_recording_1765701779.wav,识别成功
2025-12-14 16:43:02,True,<|ja|>い言われま,temp_vad_recording_1765701782.wav,识别成功
2025-12-14 16:44:47,True,<|en|>嗯,temp_vad_recording_1765701887.wav,识别成功
2025-12-14 16:44:50,True,就,temp_vad_recording_1765701889.wav,识别成功
2025-12-14 16:45:34,True,<|yue|>他都就切佢得吧,temp_vad_recording_1765701933.wav,识别成功
2025-12-14 16:45:36,True,o yeah吗,temp_vad_recording_1765701936.wav,识别成功
2025-12-14 16:45:45,True,全都没停,temp_vad_recording_1765701944.wav,识别成功
2025-12-14 16:45:47,True,<|yue|>熬嘢系嘛,temp_vad_recording_1765701947.wav,识别成功
2025-12-14 16:45:51,True,<|en|>yah,temp_vad_recording_1765701950.wav,识别成功
2025-12-14 16:45:52,True,<|ja|>た,temp_vad_recording_1765701951.wav,识别成功
2025-12-14 16:46:39,True,<|en|>,temp_vad_recording_1765701999.wav,识别成功
2025-12-14 16:46:50,True,<|yue|>仲,temp_vad_recording_1765702010.wav,识别成功
2025-12-14 16:47:26,True,<|yue|>系,temp_vad_recording_1765702046.wav,识别成功
2025-12-14 16:47:37,True,<|en|>番翻,temp_vad_recording_1765702057.wav,识别成功
2025-12-14 16:47:38,True,可以了,temp_vad_recording_1765702058.wav,识别成功
2025-12-14 16:47:40,True,<|yue|>就啦依家,temp_vad_recording_1765702060.wav,识别成功
2025-12-14 16:49:18,True,<|yue|>佢让我哋,temp_vad_recording_1765702158.wav,识别成功
2025-12-14 16:49:33,True,oh,temp_vad_recording_1765702173.wav,识别成功
2025-12-14 16:50:14,True,<|ja|>こ,temp_vad_recording_1765702214.wav,识别成功
2025-12-14 16:52:07,True,语音服务已启动,temp_vad_recording_1765702327.wav,识别成功
2025-12-14 16:52:08,True,不能以开机,temp_vad_recording_1765702328.wav,识别成功
2025-12-14 16:52:11,True,<|yue|>唔班,temp_vad_recording_1765702330.wav,识别成功
2025-12-14 16:52:12,True,<|yue|>翻,temp_vad_recording_1765702332.wav,识别成功
2025-12-14 16:52:14,True,<|yue|>八,temp_vad_recording_1765702334.wav,识别成功
2025-12-14 16:52:16,True,<|yue|>八,temp_vad_recording_1765702336.wav,识别成功
2025-12-14 16:52:18,True,<|yue|>八,temp_vad_recording_1765702338.wav,识别成功
2025-12-14 16:52:19,True,<|en|>,temp_vad_recording_1765702339.wav,识别成功
2025-12-14 16:52:20,True,<|yue|>啊,temp_vad_recording_1765702340.wav,识别成功
2025-12-14 16:52:22,True,<|yue|>八,temp_vad_recording_1765702342.wav,识别成功
2025-12-14 16:52:24,True,五发,temp_vad_recording_1765702344.wav,识别成功
2025-12-14 16:52:26,True,不发,temp_vad_recording_1765702345.wav,识别成功
2025-12-14 16:52:29,True,服务一,temp_vad_recording_1765702348.wav,识别成功
2025-12-14 16:52:29,True,<|ja|>ち道,temp_vad_recording_1765702349.wav,识别成功
2025-12-14 16:52:31,True,<|ja|>いいたじで,temp_vad_recording_1765702351.wav,识别成功
2025-12-14 16:52:33,True,五八,temp_vad_recording_1765702353.wav,识别成功
2025-12-14 16:52:35,True,<|yue|>八,temp_vad_recording_1765702355.wav,识别成功
2025-12-14 16:52:37,True,五八,temp_vad_recording_1765702356.wav,识别成功
2025-12-14 16:52:39,True,五八,temp_vad_recording_1765702358.wav,识别成功
2025-12-14 16:52:40,True,五发,temp_vad_recording_1765702360.wav,识别成功
2025-12-14 16:52:41,True,<|yue|>唔前,temp_vad_recording_1765702361.wav,识别成功
2025-12-14 16:52:42,True,<|yue|>包,temp_vad_recording_1765702362.wav,识别成功
2025-12-14 16:52:44,True,八,temp_vad_recording_1765702364.wav,识别成功
2025-12-14 16:52:46,True,八,temp_vad_recording_1765702366.wav,识别成功
2025-12-14 16:52:53,True,这地方,temp_vad_recording_1765702373.wav,识别成功
2025-12-14 16:52:55,True,八,temp_vad_recording_1765702375.wav,识别成功
2025-12-14 16:52:57,True,八,temp_vad_recording_1765702377.wav,识别成功
2025-12-14 16:52:59,True,八,temp_vad_recording_1765702379.wav,识别成功
2025-12-14 16:53:01,True,八,temp_vad_recording_1765702380.wav,识别成功
2025-12-14 16:53:03,True,<|yue|>妈,temp_vad_recording_1765702382.wav,识别成功
2025-12-14 16:53:05,True,八,temp_vad_recording_1765702384.wav,识别成功
2025-12-14 16:53:08,True,不发,temp_vad_recording_1765702388.wav,识别成功
2025-12-14 16:53:10,True,不发,temp_vad_recording_1765702390.wav,识别成功
2025-12-14 16:53:12,True,五方,temp_vad_recording_1765702392.wav,识别成功
2025-12-14 16:53:14,True,补发,temp_vad_recording_1765702394.wav,识别成功
2025-12-14 16:53:15,True,明听,temp_vad_recording_1765702395.wav,识别成功
2025-12-14 16:53:16,True,<|yue|>八,temp_vad_recording_1765702396.wav,识别成功
2025-12-14 16:53:18,True,<|yue|>花,temp_vad_recording_1765702398.wav,识别成功
2025-12-14 16:53:20,True,五八,temp_vad_recording_1765702399.wav,识别成功
2025-12-14 16:53:31,True,<|yue|>事,temp_vad_recording_1765702411.wav,识别成功
2025-12-14 16:53:32,True,<|en|>that,temp_vad_recording_1765702412.wav,识别成功
2025-12-14 16:53:35,True,看到,temp_vad_recording_1765702415.wav,识别成功
2025-12-14 16:53:45,True,<|en|>you know me,temp_vad_recording_1765702425.wav,识别成功
2025-12-14 16:53:46,True,<|ja|>今は,temp_vad_recording_1765702426.wav,识别成功
2025-12-14 16:53:52,True,<|en|>,temp_vad_recording_1765702431.wav,识别成功
2025-12-14 16:54:29,True,<|ja|>おしは,temp_vad_recording_1765702469.wav,识别成功
2025-12-14 16:55:06,True,<|en|>but,temp_vad_recording_1765702506.wav,识别成功
2025-12-14 16:55:11,True,<|en|>long,temp_vad_recording_1765702511.wav,识别成功
2025-12-14 16:55:18,True,你乐不好听好的,temp_vad_recording_1765702518.wav,识别成功
2025-12-14 16:55:20,True,<|ja|>ば,temp_vad_recording_1765702519.wav,识别成功
2025-12-14 16:55:53,True,八零八零六小七六六幺零六二,temp_vad_recording_1765702553.wav,识别成功
2025-12-14 16:55:54,True,<|ja|>フル番の,temp_vad_recording_1765702554.wav,识别成功
2025-12-14 16:55:55,True,<|en|>by by,temp_vad_recording_1765702555.wav,识别成功
2025-12-14 16:55:57,True,嗯或者是,temp_vad_recording_1765702556.wav,识别成功
2025-12-14 20:50:05,True,就刷 something啊,temp_vad_recording_1765716605.wav,识别成功
2025-12-14 20:50:08,True,另我你说,temp_vad_recording_1765716608.wav,识别成功
2025-12-14 20:50:21,True,<|en|><|HAPPY|><|Laughter|>,temp_vad_recording_1765716620.wav,识别成功
2025-12-14 20:51:21,True,<|yue|>哎呀,temp_vad_recording_1765716681.wav,识别成功
2025-12-14 20:59:03,True,问题大讲,temp_vad_recording_1765717142.wav,识别成功
2025-12-14 21:05:59,True,嗯是了改好了对,temp_vad_recording_1765717559.wav,识别成功
2025-12-14 21:06:04,True,你你的那个声音要不能变成一,temp_vad_recording_1765717563.wav,识别成功
2025-12-14 21:06:05,True,你的声音你要变成,temp_vad_recording_1765717565.wav,识别成功
2025-12-14 21:06:08,True,你声音太大了这个,temp_vad_recording_1765717567.wav,识别成功
2025-12-14 21:08:24,True,<|ANGRY|>你先变成零点七五七你没听过的什什么声音啊,temp_vad_recording_1765717703.wav,识别成功
2025-12-14 21:08:38,True,另外一个是,temp_vad_recording_1765717718.wav,识别成功
2025-12-14 21:08:43,True,你唤醒的时候发的声音是怎么怎么整的你比如说你现在搜那个,temp_vad_recording_1765717722.wav,识别成功
2025-12-14 21:08:44,True,那个,temp_vad_recording_1765717724.wav,识别成功
2025-12-14 21:09:04,True,不来,temp_vad_recording_1765717744.wav,识别成功
2025-12-14 21:09:05,True,听不出来,temp_vad_recording_1765717745.wav,识别成功
2025-12-14 21:09:10,True,是因为你你在你这上面是这样子,temp_vad_recording_1765717749.wav,识别成功
2025-12-14 21:11:26,True,<|en|>,temp_vad_recording_1765717885.wav,识别成功
2025-12-14 21:12:49,True,语音服务仪器,temp_vad_recording_1765717969.wav,识别成功
2025-12-14 21:12:50,True,<|ja|>した,temp_vad_recording_1765717969.wav,识别成功
2025-12-14 21:12:50,True,电脑已开启,temp_vad_recording_1765717970.wav,识别成功
